Time [MJD],Rel. V [mag],Trend [mag]
49095.696,-0.65645,-0.65281784
49095.782,-0.6573,-0.65281619
49096.783,-0.65075,-0.65279698
49103.694,-0.65875,-0.6526637
49103.803,-0.6578,-0.6526616
49108.696,-0.65275,-0.652567
49108.794,-0.64815,-0.65256509
49109.712,-0.6552,-0.65254736
49115.682,-0.65345,-0.6524322
49115.783,-0.6566,-0.65243027
49116.691,-0.65705,-0.6524128
49118.685,-0.65475,-0.65237454
49120.774,-0.6554,-0.65233456
49121.679,-0.6501,-0.65231731
49124.675,-0.6452,-0.65226035
49125.665,-0.64665,-0.6522416
49128.665,-0.65855,-0.65218509
49130.681,-0.6577,-0.65214735
49135.69,-0.6545,-0.65205465
49136.656,-0.65525,-0.65203694
49137.659,-0.6516,-0.65201864
49138.658,-0.6491,-0.65200047
49139.66,-0.6459,-0.65198233
49140.651,-0.64515,-0.65196445
49141.651,-0.64785,-0.65194648
49142.651,-0.65225,-0.6519286
49145.65,-0.65695,-0.65187547
49146.65,-0.65565,-0.65185792
49147.651,-0.65325,-0.65184046
49148.65,-0.6515,-0.6518231
49149.65,-0.6482,-0.65180583
49150.65,-0.6487,-0.65178865
49151.652,-0.64655,-0.65177154
49155.655,-0.64505,-0.65170422
49157.658,-0.64615,-0.65167118
49159.657,-0.65195,-0.65163869
49161.656,-0.6531,-0.65160669
49312.035,-0.66195,-0.6583207
49313.034,-0.6586,-0.65831387
49317.025,-0.65845,-0.65828686
49319.017,-0.65805,-0.65827359
49324.001,-0.6617,-0.65824123
49324.999,-0.6618,-0.65823492
49326.018,-0.6617,-0.65822853
49327.992,-0.6588,-0.65821635
49331.983,-0.65695,-0.65819249
49334.996,-0.6582,-0.65817521
49335.97,-0.65795,-0.65816976
49336.026,-0.6588,-0.65816944
49336.971,-0.65865,-0.65816423
49337.975,-0.65795,-0.65815875
49338.967,-0.65575,-0.65815342
49339.014,-0.6555,-0.65815316
49344.948,-0.6559,-0.65812276
49345.048,-0.65555,-0.65812227
49346.94,-0.6539,-0.65811313
49356.914,-0.65955,-0.65806939
49357.003,-0.6602,-0.65806904
49359.905,-0.65755,-0.65805772
49362.898,-0.6574,-0.65804673
49363.052,-0.6566,-0.65804618
49363.895,-0.6569,-0.65804322
49364.893,-0.65565,-0.65803979
49365.891,-0.6569,-0.65803643
49369.882,-0.6595,-0.65802381
49370.019,-0.6603,-0.6580234
49370.879,-0.6587,-0.65802086
49370.961,-0.6584,-0.65802062
49371.876,-0.65765,-0.65801799
49371.958,-0.65735,-0.65801776
49373.873,-0.65855,-0.65801251
49374.007,-0.6603,-0.65801216
49374.868,-0.65885,-0.65800991
49382.853,-0.65745,-0.65799242
49382.994,-0.6561,-0.65799217
49383.863,-0.65995,-0.65799067
49383.992,-0.65955,-0.65799045
49389.827,-0.66165,-0.65798263
49393.838,-0.65955,-0.65797964
49398.801,-0.65485,-0.65797893
49398.929,-0.6568,-0.65797896
49399.947,-0.6595,-0.65797926
49410.787,-0.6583,-0.65799231
49410.918,-0.65645,-0.65799258
49411.778,-0.6569,-0.65799443
49412.777,-0.65545,-0.65799672
49416.769,-0.6542,-0.65800749
49416.902,-0.655,-0.65800789
49417.769,-0.65515,-0.65801058
49418.77,-0.65645,-0.65801383
49418.895,-0.65615,-0.65801424
49420.862,-0.6623,-0.65802111
49421.888,-0.6627,-0.65802493
49426.809,-0.6596,-0.65804529
49426.927,-0.6597,-0.65804582
49442.71,-0.6581,-0.65812948
49442.831,-0.659,-0.65813019
49443.717,-0.65715,-0.65813542
49443.829,-0.656,-0.65813608
49445.711,-0.65655,-0.65814726
49447.704,-0.65565,-0.65815919
49448.703,-0.65365,-0.65816518
49449.708,-0.6541,-0.65817121
49449.813,-0.6538,-0.65817184
49450.711,-0.65635,-0.65817721
49452.717,-0.6609,-0.65818917
49452.814,-0.65995,-0.65818975
49453.772,-0.66275,-0.65819542
49457.707,-0.6628,-0.65821833
49458.699,-0.6588,-0.65822398
49458.783,-0.6612,-0.65822445
49470.697,-0.66205,-0.65828542
49470.805,-0.66065,-0.6582859
49471.8,-0.65965,-0.65829026
49472.688,-0.65795,-0.65829404
49472.798,-0.65925,-0.6582945
49475.709,-0.6594,-0.65830607
49476.701,-0.659,-0.65830973
49477.702,-0.65935,-0.65831327
49481.692,-0.65455,-0.65832582
49486.677,-0.6609,-0.65833782
49491.653,-0.6583,-0.65834553
49492.653,-0.6572,-0.65834655
49492.743,-0.65855,-0.65834664
49493.654,-0.65725,-0.65834741
49493.694,-0.65795,-0.65834744
49504.66,-0.6604,-0.65834522
49509.652,-0.662,-0.65833749
49510.652,-0.65885,-0.65833546
49511.65,-0.6571,-0.65833327
49512.651,-0.6546,-0.65833093
49518.655,-0.6551,-0.65831379
49519.656,-0.65745,-0.65831044
49687.01,-0.66215,-0.65540888
49688.009,-0.6613,-0.655377
49695.988,-0.6498,-0.65510941
49700.973,-0.65745,-0.6549311
49701.016,-0.6577,-0.65492952
49702.019,-0.658,-0.65489273
49703.015,-0.6574,-0.65485586
49704.013,-0.6579,-0.65481868
49704.962,-0.65675,-0.6547831
49705.963,-0.653,-0.6547453
49706.953,-0.6521,-0.65470767
49706.975,-0.64985,-0.65470683
49714.997,-0.66275,-0.65439542
49726.907,-0.651,-0.65392691
49731.889,-0.65865,-0.65373634
49731.992,-0.66035,-0.65373247
49746.887,-0.65665,-0.65321848
49749.864,-0.65635,-0.65312984
49750.877,-0.6523,-0.65310096
49751.858,-0.6494,-0.65307366
49751.977,-0.6498,-0.65307038
49752.833,-0.65085,-0.65304714
49752.991,-0.6505,-0.6530429
49753.832,-0.6499,-0.65302063
49754.834,-0.6522,-0.65299475
49755.823,-0.65155,-0.65296989
49756.879,-0.65325,-0.65294412
49757.819,-0.656,-0.65292185
49757.873,-0.65445,-0.65292058
49767.819,-0.64975,-0.6527249
49772.8,-0.6515,-0.65265413
49779.902,-0.65525,-0.6525832
49780.877,-0.65585,-0.65257606
49781.775,-0.65425,-0.65257001
49784.749,-0.64435,-0.65255346
49785.849,-0.64575,-0.65254864
49786.738,-0.64565,-0.65254524
49786.898,-0.6428,-0.65254467
49787.749,-0.64435,-0.65254189
49790.732,-0.65585,-0.65253512
49792.729,-0.65795,-0.65253301
49794.723,-0.6526,-0.65253269
49795.761,-0.65415,-0.65253319
49795.826,-0.6543,-0.65253324
49796.749,-0.65515,-0.65253406
49796.84,-0.6557,-0.65253416
49797.752,-0.6553,-0.65253533
49797.868,-0.6552,-0.6525355
49803.734,-0.6458,-0.65254991
49804.732,-0.6442,-0.65255335
49805.732,-0.64785,-0.65255704
49807.825,-0.65645,-0.65256548
49808.722,-0.66025,-0.65256937
49813.706,-0.65535,-0.65259323
49817.68,-0.6524,-0.65261408
49819.674,-0.64805,-0.65262482
49819.774,-0.6477,-0.65262536
49820.777,-0.6489,-0.65263078
49825.722,-0.6607,-0.6526572
49825.797,-0.6602,-0.65265759
49828.703,-0.6504,-0.65267242
49828.796,-0.6515,-0.65267288
49829.713,-0.65215,-0.65267739
49829.787,-0.64955,-0.65267774
49830.704,-0.6526,-0.65268215
49831.716,-0.653,-0.65268689
49832.815,-0.65105,-0.65269188
49833.706,-0.6556,-0.65269581
49840.712,-0.6564,-0.6527221
49841.718,-0.6638,-0.65272512
49843.656,-0.65855,-0.65273035
49846.68,-0.65365,-0.65273688
49847.69,-0.6524,-0.65273861
49848.679,-0.6531,-0.65274007
49850.693,-0.6581,-0.65274233
49850.755,-0.6555,-0.65274238
49851.681,-0.65285,-0.65274308
49851.755,-0.65175,-0.65274313
49852.682,-0.64665,-0.65274361
49855.669,-0.64585,-0.65274373
49858.668,-0.65465,-0.65274166
49861.658,-0.64905,-0.6527374
49862.658,-0.6501,-0.65273549
49863.658,-0.6548,-0.65273334
49864.659,-0.65375,-0.65273096
49880.652,-0.657,-0.65266284
49883.656,-0.6478,-0.65264454
49887.657,-0.6444,-0.65261803
49888.657,-0.64655,-0.65261106
49889.658,-0.652,-0.65260396
49890.656,-0.65405,-0.65259677
49891.658,-0.65925,-0.65258944
50049.029,-0.6557,-0.65852088
50052.011,-0.6579,-0.65853764
50053.014,-0.6577,-0.65854328
50055.005,-0.65935,-0.65855449
50056.005,-0.6607,-0.65856014
50059.987,-0.65975,-0.65858272
50060.988,-0.6579,-0.65858843
50061.986,-0.65825,-0.65859415
50062.987,-0.65595,-0.65859991
50071.004,-0.6569,-0.65864698
50075.019,-0.6584,-0.65867146
50078.989,-0.6586,-0.65869647
50085.918,-0.65555,-0.65874264
50086.922,-0.65865,-0.65874965
50087.914,-0.65965,-0.65875667
50089.911,-0.65795,-0.65877107
50090.925,-0.65745,-0.65877854
50091.919,-0.65845,-0.65878597
50092.05,-0.65875,-0.65878695
50094.949,-0.66455,-0.65880929
50095.974,-0.6615,-0.65881743
50096.047,-0.66095,-0.65881801
50097.975,-0.65655,-0.65883369
50100.959,-0.655,-0.65885893
50101.961,-0.65715,-0.65886769
50108.856,-0.66175,-0.65893201
50109.054,-0.6603,-0.65893397
50109.869,-0.6624,-0.65894209
50110.053,-0.66305,-0.65894394
50111.849,-0.6631,-0.65896229
50112.021,-0.6615,-0.65896407
50117.832,-0.6563,-0.65902731
50118.029,-0.6553,-0.65902956
50118.848,-0.65705,-0.65903895
50118.997,-0.65535,-0.65904068
50120.915,-0.66055,-0.65906318
50121.93,-0.65685,-0.65907533
50122.024,-0.6571,-0.65907647
50122.93,-0.65625,-0.65908748
50122.99,-0.6583,-0.65908822
50123.919,-0.6587,-0.65909964
50124.016,-0.65695,-0.65910085
50128.918,-0.6567,-0.65916349
50129.879,-0.65835,-0.65917618
50130.901,-0.65815,-0.65918982
50131.891,-0.65745,-0.65920316
50133.944,-0.6575,-0.65923122
50142.979,-0.6592,-0.65935962
50144.767,-0.6583,-0.65938565
50149.848,-0.65835,-0.65945991
50149.91,-0.65685,-0.65946082
50150.903,-0.6604,-0.6594753
50153.791,-0.6626,-0.65951717
50153.941,-0.6617,-0.65951934
50154.815,-0.6612,-0.65953191
50160.849,-0.6587,-0.65961663
50161.818,-0.65725,-0.65962981
50162.81,-0.65665,-0.65964316
50165.806,-0.65815,-0.65968244
50168.751,-0.6651,-0.65971937
50168.905,-0.664,-0.65972124
50169.73,-0.66445,-0.65973123
50169.891,-0.6658,-0.65973316
50172.849,-0.661,-0.6597675
50174.759,-0.6605,-0.65978851
50175.789,-0.66065,-0.65979943
50176.804,-0.65895,-0.6598099
50176.879,-0.658,-0.65981067
50180.8,-0.6599,-0.65984825
50181.791,-0.6614,-0.65985702
50182.791,-0.65955,-0.65986555
50184.803,-0.66175,-0.65988178
50185.782,-0.66465,-0.6598892
50187.779,-0.6593,-0.65990339
50190.76,-0.6584,-0.65992214
50191.833,-0.65905,-0.65992816
50193.778,-0.65655,-0.65993812
50196.729,-0.6612,-0.65995084
50197.692,-0.6613,-0.65995437
50197.818,-0.65925,-0.65995482
50201.724,-0.6608,-0.65996593
50205.732,-0.65665,-0.6599724
50209.734,-0.65965,-0.65997413
50212.725,-0.66175,-0.65997253
50220.702,-0.66035,-0.65995752
50224.679,-0.65875,-0.659945
50225.678,-0.6624,-0.6599414
50226.668,-0.66335,-0.65993767
50230.683,-0.6602,-0.659921
50232.681,-0.6601,-0.65991188
50234.684,-0.66155,-0.65990225
50236.674,-0.6593,-0.65989226
50238.673,-0.6583,-0.65988186
50241.676,-0.6553,-0.65986564
50242.678,-0.65465,-0.65986008
50244.675,-0.65965,-0.65984885
50250.667,-0.66355,-0.65981413
50251.667,-0.66505,-0.65980823
50252.671,-0.66095,-0.6598023
50254.658,-0.6567,-0.65979052
50255.657,-0.65765,-0.65978458
50256.656,-0.65665,-0.65977865
50404.982,-0.65865,-0.65853841
50408.968,-0.6578,-0.65847257
50418.974,-0.66055,-0.65829197
50419.996,-0.663,-0.65827243
50432.043,-0.65775,-0.65803146
50433.042,-0.65865,-0.65801086
50433.985,-0.66135,-0.65799141
50435.918,-0.66015,-0.65795144
50437.895,-0.6548,-0.65791049
50440.918,-0.65865,-0.65784806
50443.891,-0.65655,-0.65778708
50466.86,-0.6623,-0.65736144
50468.059,-0.6572,-0.65734264
50468.887,-0.6582,-0.65732989
50473.904,-0.6537,-0.65725717
50480.929,-0.66005,-0.65716885
50482.931,-0.66125,-0.65714667
50485.917,-0.65535,-0.65711611
50486.954,-0.65565,-0.65710621
50488.866,-0.6541,-0.6570889
50489.838,-0.6543,-0.65708057
50490.934,-0.6532,-0.65707158
50493.818,-0.65395,-0.65704986
50494.807,-0.65215,-0.65704307
50497.818,-0.66015,-0.65702445
50499.801,-0.65965,-0.65701388
50499.986,-0.6589,-0.65701296
50500.834,-0.65635,-0.65700891
50503.925,-0.6584,-0.65699621
50504.878,-0.65875,-0.65699295
50510.863,-0.6537,-0.65697964
50511.875,-0.65585,-0.65697861
50512.872,-0.6575,-0.65697794
50513.839,-0.6595,-0.65697762
50514.881,-0.6601,-0.65697764
50517.837,-0.65495,-0.65697976
50518.863,-0.6537,-0.65698122
50525.734,-0.65545,-0.65700051
50526.742,-0.65885,-0.65700476
50527.766,-0.6584,-0.65700943
50528.77,-0.6617,-0.65701438
50531.804,-0.65735,-0.65703152
50532.806,-0.6552,-0.6570379
50533.814,-0.6516,-0.65704468
50534.814,-0.653,-0.65705175
50553.704,-0.65725,-0.65724695
50554.702,-0.657,-0.65726008
50565.776,-0.6593,-0.65741734
50568.837,-0.65955,-0.65746291
50573.823,-0.65945,-0.65753698
50590.73,-0.6607,-0.65776336
50594.721,-0.66375,-0.65780714
50600.697,-0.65285,-0.65786432
50602.699,-0.65705,-0.65788123
50603.7,-0.6586,-0.65788927
50604.699,-0.6565,-0.65789704
50608.688,-0.65805,-0.65792545
50618.68,-0.6547,-0.6579807
50619.698,-0.65845,-0.65798527
50620.689,-0.6551,-0.65798956
50624.673,-0.6574,-0.65800546
50625.675,-0.66165,-0.65800917
50629.659,-0.66065,-0.65802304
50768.034,-0.66275,-0.65954093
50769.989,-0.66225,-0.65951024
50771.03,-0.66305,-0.65949412
50771.992,-0.6599,-0.65947936
50776.974,-0.6636,-0.65940517
50792.927,-0.6607,-0.65919589
50793.921,-0.65825,-0.65918429
50794.924,-0.6564,-0.65917274
50795.918,-0.6562,-0.65916144
50797.947,-0.6584,-0.65913881
50798.913,-0.65765,-0.65912824
50799.946,-0.658,-0.65911706
50800.974,-0.6644,-0.65910606
50810.0,-0.65945,-0.65901323
50811.969,-0.6554,-0.65899337
50813.886,-0.6563,-0.65897394
50814.999,-0.6583,-0.65896258
50816.0,-0.6567,-0.65895228
50828.908,-0.65875,-0.65880435
50831.902,-0.65925,-0.6587633
50833.937,-0.6613,-0.6587333
50834.056,-0.65815,-0.65873149
50835.961,-0.6593,-0.65870157
50836.965,-0.6568,-0.65868508
50837.949,-0.6569,-0.65866842
50838.961,-0.65825,-0.65865073
50839.958,-0.6582,-0.65863277
50842.945,-0.65975,-0.65857544
50846.874,-0.66025,-0.65849163
50847.86,-0.6589,-0.658469
50850.829,-0.6621,-0.6583969
50851.019,-0.65785,-0.65839209
50868.889,-0.6588,-0.6578285
50874.839,-0.662,-0.65759788
50875.926,-0.6613,-0.65755398
50876.803,-0.6648,-0.65751822
50877.781,-0.66455,-0.65747796
50880.724,-0.66205,-0.6573549
50880.942,-0.65905,-0.65734569
50882.763,-0.6602,-0.65726817
50882.917,-0.65955,-0.65726157
50889.813,-0.65865,-0.65696227
50891.803,-0.657,-0.65687505
50892.806,-0.6591,-0.65683109
50893.781,-0.6607,-0.65678836
50893.948,-0.65905,-0.65678106
50896.789,-0.65835,-0.65665697
50900.832,-0.65605,-0.65648208
50903.858,-0.64945,-0.65635321
50904.781,-0.6528,-0.65631435
50906.769,-0.65195,-0.65623142
50907.726,-0.6534,-0.65619192
50908.707,-0.658,-0.65615176
50910.75,-0.6562,-0.65606914
50913.817,-0.6576,-0.655948
50914.816,-0.65855,-0.65590932
50916.806,-0.65805,-0.65583356
50917.809,-0.6538,-0.65579603
50918.808,-0.65285,-0.65575909
50919.807,-0.65055,-0.6557226
50921.806,-0.65185,-0.65565095
50922.795,-0.6522,-0.65561623
50923.792,-0.6519,-0.6555817
50924.789,-0.6573,-0.65554766
50925.787,-0.65865,-0.65551408
50926.787,-0.6568,-0.65548094
50931.783,-0.65355,-0.65532314
50932.743,-0.65495,-0.65529432
50933.748,-0.65495,-0.65526465
50934.751,-0.65335,-0.6552356
50935.694,-0.6549,-0.6552088
50936.682,-0.65095,-0.65518122
50942.753,-0.65495,-0.65502336
50943.753,-0.65425,-0.65499927
50944.74,-0.65125,-0.65497603
50945.753,-0.6513,-0.65495274
50946.749,-0.6505,-0.65493036
50947.744,-0.64915,-0.65490856
50948.735,-0.656,-0.65488735
50956.728,-0.65485,-0.65473545
50957.727,-0.65475,-0.65471879
50959.719,-0.65455,-0.6546871
50960.718,-0.6527,-0.65467196
50969.685,-0.6529,-0.65455768
50970.688,-0.6547,-0.65454724
50972.698,-0.65485,-0.65452765
50973.697,-0.6557,-0.65451857
50981.695,-0.6576,-0.6544608
50983.697,-0.6567,-0.65445027
50991.673,-0.6536,-0.65442223
51123.021,-0.6522,-0.65223694
51125.023,-0.6546,-0.65221286
51127.003,-0.6546,-0.65219033
51152.96,-0.6545,-0.65202692
51160.049,-0.65635,-0.652031
51161.049,-0.65375,-0.65203347
51169.998,-0.64795,-0.6520776
51170.929,-0.6481,-0.65208455
51172.031,-0.6468,-0.65209337
51172.982,-0.64915,-0.65210151
51175.881,-0.65685,-0.65212934
51176.899,-0.65715,-0.65214021
51179.919,-0.6464,-0.65217588
51180.917,-0.64775,-0.65218881
51181.903,-0.64785,-0.65220215
51182.93,-0.64805,-0.65221664
51187.01,-0.6493,-0.65228038
51187.984,-0.65285,-0.65229706
51188.997,-0.6563,-0.65231501
51189.989,-0.65335,-0.65233322
51191.994,-0.65775,-0.65237182
51193.065,-0.6535,-0.65239345
51193.981,-0.6532,-0.6524125
51194.951,-0.65125,-0.65243325
51196.977,-0.64575,-0.65247848
51197.981,-0.6473,-0.65250181
51207.041,-0.65895,-0.65274034
51216.026,-0.6507,-0.65302371
51216.895,-0.65535,-0.65305332
51216.993,-0.65155,-0.65305669
51218.917,-0.6522,-0.65312357
51219.924,-0.65245,-0.65315924
51221.87,-0.6493,-0.65322936
51222.914,-0.6537,-0.65326757
51223.912,-0.6564,-0.65330444
51237.793,-0.652,-0.65384007
51248.841,-0.65835,-0.65426255
51249.885,-0.6556,-0.65430067
51250.862,-0.6507,-0.65433598
51251.827,-0.651,-0.65437039
51253.83,-0.65195,-0.65444053
51257.835,-0.66055,-0.65457448
51258.862,-0.66145,-0.65460738
51259.796,-0.65685,-0.65463677
51261.746,-0.65255,-0.65469634
51262.73,-0.65255,-0.65472549
51264.775,-0.65435,-0.65478401
51265.749,-0.6581,-0.65481091
51280.776,-0.6564,-0.65514128
51282.8,-0.6606,-0.65517369
51284.785,-0.6525,-0.65520283
51286.803,-0.6524,-0.65522983
51290.723,-0.6594,-0.655275
51291.725,-0.65995,-0.65528506
51296.753,-0.652,-0.6553271
51298.753,-0.6589,-0.65534013
51299.77,-0.65875,-0.65534599
51300.772,-0.6576,-0.65535129
51304.779,-0.65065,-0.65536799
51305.78,-0.6556,-0.6553711
51306.747,-0.66065,-0.65537373
51308.77,-0.6561,-0.65537807
51312.761,-0.65065,-0.65538241
51314.752,-0.6503,-0.65538266
51315.751,-0.65595,-0.65538235
51316.74,-0.6576,-0.65538177
51317.716,-0.659,-0.65538093
51318.695,-0.65805,-0.65537985
51319.693,-0.6512,-0.6553785
51324.692,-0.6565,-0.6553684
51325.71,-0.65255,-0.65536573
51327.713,-0.6483,-0.65535993
51334.699,-0.6575,-0.65533507
51350.686,-0.6553,-0.65526266
51502.012,-0.6608,-0.65983419
51504.001,-0.6576,-0.65984254
51505.033,-0.65775,-0.65984667
51505.991,-0.6567,-0.65985039
51506.982,-0.65605,-0.6598541
51507.992,-0.65865,-0.65985775
51508.997,-0.6588,-0.65986123
51509.969,-0.66405,-0.65986447
51511.002,-0.66365,-0.65986774
51520.031,-0.6589,-0.65988888
51530.931,-0.6601,-0.65989263
51532.911,-0.6597,-0.65989026
51533.923,-0.6625,-0.65988865
51546.051,-0.66315,-0.65984566
51547.02,-0.6637,-0.65984016
51548.043,-0.6619,-0.65983399
51549.036,-0.66055,-0.65982765
51550.039,-0.66255,-0.65982087
51551.035,-0.66305,-0.65981377
51552.028,-0.66115,-0.65980632
51552.979,-0.65975,-0.65979884
51554.023,-0.65635,-0.65979022
51555.024,-0.6544,-0.65978154
51555.988,-0.6545,-0.65977282
51556.907,-0.6592,-0.65976415
51559.897,-0.6661,-0.65973355
51564.853,-0.65835,-0.65967454
51571.014,-0.65355,-0.65958632
51571.973,-0.65435,-0.6595711
51577.996,-0.66245,-0.65946632
51578.901,-0.6642,-0.65944923
51580.968,-0.6648,-0.65940896
51584.885,-0.65955,-0.65932791
51586.852,-0.6533,-0.65928502
51590.819,-0.66155,-0.65919437
51592.805,-0.6634,-0.65914709
51593.003,-0.6629,-0.65914233
51606.884,-0.6543,-0.65878525
51607.858,-0.66045,-0.65875912
51612.873,-0.66285,-0.65862375
51613.835,-0.6642,-0.65859777
51614.806,-0.6637,-0.65857154
51615.783,-0.66415,-0.65854518
51617.75,-0.66225,-0.65849229
51618.743,-0.65725,-0.65846569
51619.928,-0.6475,-0.65843407
51620.774,-0.6497,-0.65841157
51626.827,-0.66285,-0.6582535
51628.827,-0.6618,-0.65820261
51632.815,-0.664,-0.65810363
51633.836,-0.6607,-0.65807885
51635.837,-0.651,-0.65803101
51637.828,-0.64845,-0.65798439
51638.839,-0.65385,-0.65796111
51639.83,-0.6571,-0.65793854
51640.839,-0.65945,-0.65791582
51645.711,-0.65415,-0.65781
51646.697,-0.6567,-0.65778936
51647.701,-0.6574,-0.65776862
51653.788,-0.64965,-0.65764871
51656.819,-0.6503,-0.65759266
51657.789,-0.661,-0.65757522
51658.79,-0.6593,-0.65755747
51661.784,-0.66285,-0.65750585
51664.774,-0.65995,-0.65745639
51665.772,-0.6597,-0.65744033
51666.787,-0.6597,-0.65742423
51667.775,-0.65235,-0.65740875
51674.699,-0.6637,-0.65730572
51678.723,-0.6615,-0.65724972
51681.737,-0.6604,-0.65720938
51682.736,-0.65785,-0.65719628
51683.74,-0.6545,-0.65718324
51684.74,-0.65125,-0.65717038
51688.729,-0.6515,-0.65712019
51689.73,-0.65885,-0.65710786
51691.721,-0.6599,-0.6570836
51692.719,-0.6559,-0.65707156
51695.71,-0.65915,-0.65703593
51699.7,-0.6535,-0.65698931
51700.7,-0.6522,-0.65697776
51710.687,-0.65445,-0.65686414
51866.02,-0.63815,-0.64700044
51879.043,-0.639,-0.64708861
51887.968,-0.65465,-0.64706351
51890.984,-0.65135,-0.64703876
51893.968,-0.64595,-0.64700618
51901.012,-0.63905,-0.64689749
51907.02,-0.65745,-0.6467702
51908.034,-0.6544,-0.64674564
51909.015,-0.65415,-0.64672105
51911.964,-0.6471,-0.64664233
51920.931,-0.65005,-0.64636023
51925.03,-0.65515,-0.64621118
51930.997,-0.63985,-0.64597393
51933.058,-0.6347,-0.64588684
51934.986,-0.64265,-0.64580316
51935.957,-0.6455,-0.64576026
51941.821,-0.6539,-0.64549128
51942.818,-0.65335,-0.64544401
51943.842,-0.6519,-0.64539508
51944.04,-0.65345,-0.64538555
51945.85,-0.6426,-0.64529795
51946.041,-0.6416,-0.64528867
51947.996,-0.6353,-0.6451927
51952.929,-0.6476,-0.64494617
51953.977,-0.652,-0.64489321
51959.897,-0.65015,-0.64459168
51960.921,-0.64745,-0.64453939
51961.91,-0.63995,-0.64448888
51962.904,-0.63785,-0.64443823
51963.924,-0.63885,-0.64438633
51972.751,-0.65335,-0.64394481
51972.945,-0.6533,-0.64393532
51981.843,-0.63475,-0.64351729
51984.834,-0.6437,-0.64338567
51985.817,-0.6467,-0.64334358
51986.85,-0.65335,-0.64329994
51987.847,-0.65185,-0.64325851
51988.855,-0.6517,-0.64321728
51989.8,-0.65155,-0.64317924
51991.842,-0.6489,-0.64309911
51992.853,-0.64335,-0.64306053
51994.823,-0.637,-0.64298751
51995.822,-0.6343,-0.64295158
51996.861,-0.6383,-0.642915
51997.812,-0.631,-0.64288225
51998.77,-0.6318,-0.64284999
51999.747,-0.63505,-0.64281778
52006.798,-0.63475,-0.64260806
52007.819,-0.6334,-0.642581
52008.81,-0.63665,-0.64255554
52011.809,-0.64365,-0.64248332
52012.818,-0.64335,-0.64246063
52013.812,-0.6421,-0.64243907
52015.79,-0.64395,-0.64239847
52017.801,-0.64445,-0.6423603
52020.795,-0.63965,-0.64230914
52022.771,-0.63595,-0.64227896
52025.77,-0.63335,-0.64223844
52027.73,-0.63995,-0.64221525
52028.705,-0.64455,-0.64220465
52029.684,-0.64715,-0.64219462
52030.694,-0.652,-0.6421849
52034.753,-0.6494,-0.64215194
52035.762,-0.64275,-0.64214519
52036.762,-0.64025,-0.64213904
52037.743,-0.6376,-0.64213352
52038.764,-0.63825,-0.64212828
52044.736,-0.6327,-0.64210736
52045.751,-0.6364,-0.64210531
52046.749,-0.64225,-0.64210368
52047.739,-0.64475,-0.64210242
52050.739,-0.651,-0.64210066
52051.727,-0.64955,-0.6421007
52052.732,-0.64295,-0.64210105
52053.719,-0.64395,-0.64210166
52054.728,-0.6367,-0.64210255
52061.696,-0.63265,-0.64211496
52062.683,-0.6428,-0.64211745
52064.698,-0.6467,-0.64212296
52065.697,-0.65065,-0.64212589
52066.698,-0.65185,-0.64212894
52067.699,-0.64915,-0.6421321
52068.698,-0.6469,-0.64213534
52072.715,-0.6329,-0.64214911
52074.689,-0.63075,-0.64215617
52238.977,-0.64545,-0.65066501
52245.979,-0.64425,-0.65082901
52246.957,-0.64785,-0.65085134
52247.977,-0.6484,-0.65087444
52263.033,-0.6513,-0.65119155
52263.993,-0.6567,-0.65121001
52264.99,-0.6571,-0.6512289
52267.904,-0.65425,-0.65128256
52268.895,-0.6519,-0.65130027
52270.033,-0.6446,-0.65132022
52270.893,-0.64585,-0.65133505
52271.03,-0.6436,-0.65133741
52280.986,-0.65755,-0.65149133
52282.032,-0.654,-0.65150553
52283.004,-0.65525,-0.65151838
52287.0,-0.64695,-0.65156755
52288.03,-0.6472,-0.65157926
52288.985,-0.64775,-0.65158976
52295.973,-0.65635,-0.65165584
52296.959,-0.657,-0.65166362
52299.96,-0.6537,-0.65168495
52300.876,-0.65185,-0.65169075
52300.959,-0.65175,-0.65169126
52312.955,-0.6569,-0.65173648
52313.921,-0.65755,-0.65173771
52314.954,-0.65645,-0.65173865
52315.938,-0.6546,-0.65173917
52316.944,-0.6519,-0.65173934
52317.943,-0.6497,-0.65173915
52318.913,-0.6464,-0.65173861
52319.942,-0.6499,-0.65173768
52322.018,-0.6533,-0.65173465
52324.868,-0.64935,-0.6517281
52326.89,-0.64895,-0.6517218
52327.769,-0.65385,-0.65171864
52327.889,-0.6521,-0.65171819
52328.771,-0.6553,-0.65171475
52334.87,-0.6445,-0.65168434
52338.859,-0.65635,-0.65165856
52342.847,-0.65335,-0.65162847
52344.828,-0.6506,-0.65161199
52345.831,-0.65115,-0.65160327
52346.833,-0.65045,-0.65159433
52348.825,-0.64715,-0.65157581
52354.744,-0.6485,-0.65151543
52356.801,-0.65535,-0.65149266
52357.707,-0.6583,-0.65148234
52358.744,-0.6521,-0.65147033
52362.871,-0.65005,-0.65142034
52363.819,-0.64475,-0.65140838
52365.815,-0.6492,-0.65138265
52367.805,-0.6467,-0.65135622
52378.794,-0.65885,-0.6511974
52379.81,-0.6537,-0.65118167
52391.779,-0.65565,-0.6509838
52397.76,-0.64895,-0.65087704
52398.757,-0.64835,-0.65085879
52399.76,-0.6479,-0.65084031
52400.775,-0.64725,-0.65082148
52408.746,-0.6581,-0.65066958
52411.695,-0.65125,-0.65061178
52412.694,-0.65115,-0.65059204
52417.712,-0.64745,-0.65049169
52418.713,-0.6485,-0.65047146
52421.719,-0.65075,-0.65041036
52427.699,-0.6495,-0.65028747
52431.698,-0.6553,-0.65020459
52435.689,-0.64695,-0.6501215
52444.679,-0.64525,-0.64993386
52445.681,-0.64845,-0.64991296
52446.681,-0.64985,-0.64989211
52461.657,-0.64565,-0.64958357
52595.996,-0.65325,-0.65255728
52602.961,-0.65195,-0.65257754
52616.023,-0.6484,-0.6525999
52617.033,-0.6492,-0.65260083
52621.94,-0.6546,-0.6526037
52622.925,-0.65085,-0.65260396
52636.046,-0.6577,-0.65259754
52637.011,-0.656,-0.65259636
52640.02,-0.6553,-0.65259207
52640.995,-0.65145,-0.65259049
52641.998,-0.6493,-0.65258877
52642.993,-0.65115,-0.65258696
52645.998,-0.6549,-0.6525809
52649.877,-0.6519,-0.6525718
52650.003,-0.6525,-0.65257148
52650.865,-0.65125,-0.65256925
52651.997,-0.6536,-0.65256622
52652.881,-0.65445,-0.65256376
52652.996,-0.65355,-0.65256344
52653.868,-0.6564,-0.65256094
52653.994,-0.65465,-0.65256057
52654.864,-0.6562,-0.65255799
52654.99,-0.65695,-0.65255761
52655.889,-0.65565,-0.65255486
52656.984,-0.6525,-0.65255141
52657.857,-0.64925,-0.65254857
52657.984,-0.64925,-0.65254816
52658.874,-0.64935,-0.65254518
52665.967,-0.6486,-0.65251878
52666.951,-0.6487,-0.65251473
52667.956,-0.6508,-0.6525105
52668.972,-0.6546,-0.65250612
52669.968,-0.65515,-0.65250173
52670.943,-0.6539,-0.65249733
52671.946,-0.65055,-0.6524927
52673.957,-0.6485,-0.65248311
52677.83,-0.6512,-0.65246342
52686.822,-0.6576,-0.65241114
52690.89,-0.64585,-0.65238425
52692.892,-0.65215,-0.65237025
52693.88,-0.65005,-0.65236315
52705.838,-0.6511,-0.65226734
52708.78,-0.65425,-0.65224118
52709.746,-0.6573,-0.6522324
52725.846,-0.65635,-0.652078
52728.827,-0.65615,-0.65204931
52729.826,-0.6504,-0.65203981
52735.799,-0.65155,-0.65198495
52736.799,-0.6471,-0.65197618
52738.707,-0.64875,-0.65195984
52740.725,-0.6556,-0.6519432
52745.783,-0.65515,-0.65190478
52749.781,-0.65305,-0.65187822
52750.797,-0.65015,-0.65187206
52751.768,-0.64875,-0.6518664
52752.774,-0.64885,-0.65186079
52758.775,-0.65415,-0.65183268
52759.775,-0.6577,-0.65182892
52762.763,-0.65465,-0.65181931
52765.713,-0.6507,-0.65181222
52766.795,-0.6522,-0.65181023
52767.701,-0.651,-0.6518088
52768.673,-0.64465,-0.65180752
52772.737,-0.6466,-0.65180499
52775.742,-0.64915,-0.65180598
52776.742,-0.65075,-0.65180685
52784.726,-0.65295,-0.65182291
52785.724,-0.65065,-0.65182602
52786.715,-0.6497,-0.65182933
52788.715,-0.6504,-0.65183671
52792.696,-0.65345,-0.651854
52793.696,-0.657,-0.65185887
52795.685,-0.64785,-0.65186914
52801.687,-0.65565,-0.65190454
52802.687,-0.64575,-0.65191103
52805.686,-0.65225,-0.65193143
52809.703,-0.65555,-0.6519607
52812.684,-0.6553,-0.65198368
52813.685,-0.65295,-0.6519916
52814.684,-0.65155,-0.65199961
52815.684,-0.65335,-0.65200772
52817.671,-0.65445,-0.65202408
52818.672,-0.65275,-0.65203243
52950.024,-0.64495,-0.6542261
52951.016,-0.6474,-0.65426446
52952.021,-0.651,-0.6543033
52953.014,-0.6575,-0.65434166
52975.03,-0.65215,-0.65516601
52977.946,-0.65295,-0.65526928
52978.944,-0.6538,-0.6553042
52981.0,-0.65585,-0.65537531
52983.944,-0.6504,-0.65547516
52984.923,-0.65265,-0.65550778
52991.023,-0.65935,-0.65570419
52992.024,-0.6584,-0.65573515
52992.995,-0.6568,-0.65576484
52995.017,-0.65585,-0.6558254
52996.014,-0.6562,-0.65585463
52998.992,-0.6479,-0.6559393
53002.946,-0.661,-0.65604515
53003.035,-0.66035,-0.65604743
53007.893,-0.6603,-0.65616571
53009.92,-0.6554,-0.65621093
53010.92,-0.65515,-0.65623228
53013.915,-0.6545,-0.65629223
53014.005,-0.65425,-0.65629393
53022.984,-0.65685,-0.65643347
53031.861,-0.6565,-0.65650422
53032.827,-0.6545,-0.65650745
53033.945,-0.6558,-0.65651003
53034.856,-0.65845,-0.65651121
53037.817,-0.6647,-0.65650921
53037.943,-0.6629,-0.65650892
53040.985,-0.6592,-0.65649699
53041.836,-0.66095,-0.6564919
53041.92,-0.6583,-0.65649136
53045.927,-0.65595,-0.65645667
53046.918,-0.65735,-0.65644544
53047.918,-0.65895,-0.65643304
53048.93,-0.65985,-0.6564194
53061.849,-0.65295,-0.65615228
53079.83,-0.65275,-0.65554448
53080.843,-0.64925,-0.65550472
53081.843,-0.65035,-0.6554651
53086.767,-0.66395,-0.65526581
53088.833,-0.6634,-0.65518076
53091.783,-0.6547,-0.65505857
53092.718,-0.6547,-0.6550198
53093.705,-0.65495,-0.65497889
53094.702,-0.6519,-0.65493758
53095.899,-0.6501,-0.65488808
53101.763,-0.6618,-0.65464862
53109.81,-0.6523,-0.65433496
53110.793,-0.651,-0.65429832
53111.789,-0.64965,-0.65426158
53115.796,-0.6539,-0.65411859
53117.771,-0.6558,-0.65405107
53118.748,-0.65735,-0.65401845
53119.72,-0.6604,-0.65398653
53127.712,-0.65875,-0.65374513
53128.741,-0.6545,-0.65371693
53131.772,-0.65115,-0.65363791
53137.755,-0.66015,-0.65350002
53138.753,-0.65935,-0.6534794
53146.734,-0.64815,-0.65333966
53147.723,-0.6428,-0.65332546
53148.7,-0.64505,-0.65331211
53149.69,-0.6474,-0.65329925
53157.72,-0.65715,-0.65322022
53158.693,-0.65595,-0.65321365
53159.714,-0.6549,-0.65320745
53160.711,-0.65335,-0.65320207
53161.695,-0.6482,-0.65319741
53162.695,-0.64445,-0.65319334
53163.695,-0.6446,-0.65318993
53164.695,-0.64235,-0.65318717
53165.696,-0.6453,-0.65318507
53167.696,-0.64605,-0.65318281
53168.698,-0.6514,-0.65318264
53169.699,-0.65805,-0.6531831
53171.686,-0.6573,-0.65318589
53175.694,-0.6618,-0.65319896
53176.694,-0.6574,-0.65320374
53177.68,-0.6604,-0.65320905
53187.658,-0.6608,-0.65329507
53188.658,-0.65875,-0.65330691
53190.658,-0.6566,-0.65333234
53311.027,-0.65875,-0.65583632
53313.024,-0.65905,-0.65580964
53314.012,-0.66335,-0.65579688
53319.025,-0.65905,-0.65573718
53320.021,-0.66,-0.65572637
53321.025,-0.6552,-0.65571583
53329.98,-0.66025,-0.65563899
53334.963,-0.6583,-0.65561019
53335.961,-0.65675,-0.65560564
53336.953,-0.65335,-0.65560154
53339.952,-0.6495,-0.65559158
53340.943,-0.65255,-0.65558909
53341.048,-0.6488,-0.65558885
53341.946,-0.6536,-0.65558698
53342.05,-0.6485,-0.65558678
53348.983,-0.65825,-0.6555832
53349.983,-0.65785,-0.65558416
53350.982,-0.6571,-0.65558546
53351.97,-0.65415,-0.65558708
53352.959,-0.65395,-0.65558902
53355.02,-0.64885,-0.65559406
53355.961,-0.64925,-0.65559678
53360.055,-0.6547,-0.65561129
53360.895,-0.65435,-0.65561474
53361.05,-0.6536,-0.6556154
53365.044,-0.6604,-0.65563359
53377.87,-0.654,-0.65569498
53378.968,-0.6571,-0.65569912
53385.987,-0.659,-0.65571445
53386.881,-0.65355,-0.65571461
53386.979,-0.6563,-0.6557146
53387.975,-0.65535,-0.65571412
53388.974,-0.655,-0.65571298
53389.842,-0.6569,-0.65571142
53389.977,-0.65625,-0.65571113
53393.872,-0.65795,-0.6556964
53395.855,-0.65875,-0.65568377
53400.89,-0.65735,-0.65563374
53400.946,-0.6597,-0.65563303
53401.958,-0.6573,-0.65561951
53403.872,-0.6557,-0.6555906
53403.949,-0.65795,-0.65558934
53415.849,-0.66135,-0.65530197
53430.823,-0.6612,-0.65468009
53437.839,-0.6561,-0.65431189
53438.834,-0.6574,-0.65425714
53439.825,-0.65595,-0.65420218
53441.88,-0.65705,-0.65408696
53445.766,-0.65845,-0.65386609
53446.825,-0.6557,-0.6538056
53456.789,-0.6563,-0.65324369
53460.805,-0.6483,-0.65302755
53461.8,-0.65245,-0.65297539
53464.865,-0.6547,-0.65281889
53465.814,-0.6513,-0.65277174
53466.806,-0.6469,-0.65272323
53469.798,-0.6465,-0.65258152
53470.798,-0.6513,-0.6525358
53471.789,-0.6559,-0.65249131
53475.781,-0.64995,-0.65232086
53476.705,-0.649,-0.65228349
53477.69,-0.65375,-0.65224446
53478.684,-0.65345,-0.65220603
53482.75,-0.6455,-0.65205856
53485.751,-0.6448,-0.65195987
53486.762,-0.64705,-0.65192858
53488.752,-0.6526,-0.65186985
53493.753,-0.65135,-0.65173902
53496.745,-0.6547,-0.65167208
53499.735,-0.64475,-0.65161348
53503.705,-0.6505,-0.65154814
53504.696,-0.6564,-0.65153401
53509.72,-0.6475,-0.65147521
53510.72,-0.6498,-0.651466
53524.718,-0.64885,-0.65141618
53525.696,-0.6472,-0.65141775
53529.694,-0.6555,-0.65143021
53530.696,-0.6555,-0.65143479
53531.709,-0.6545,-0.65144
53532.686,-0.6487,-0.65144556
53539.676,-0.64585,-0.65149948
53547.672,-0.66115,-0.65158816
53553.657,-0.6557,-0.65167078
53556.658,-0.65025,-0.65171702
53687.001,-0.65425,-0.65422975
53688.993,-0.6596,-0.65417674
53690.988,-0.65715,-0.65412381
53691.991,-0.6627,-0.65409724
53692.992,-0.66085,-0.65407079
53694.982,-0.6512,-0.65401841
53704.047,-0.6515,-0.65378339
53705.041,-0.65795,-0.65375804
53706.038,-0.6573,-0.65373268
53711.005,-0.6533,-0.65360779
53711.995,-0.64835,-0.65358317
53721.908,-0.65605,-0.65334089
53722.055,-0.65695,-0.65333735
53723.056,-0.6554,-0.65331324
53730.005,-0.6482,-0.65314669
53730.052,-0.6495,-0.65314557
53731.97,-0.6543,-0.65309964
53732.967,-0.6534,-0.65307571
53733.987,-0.6514,-0.6530512
53735.003,-0.6519,-0.65302672
53740.959,-0.6548,-0.65288144
53742.007,-0.65275,-0.65285545
53742.853,-0.65035,-0.65283433
53743.01,-0.65035,-0.65283038
53743.915,-0.6517,-0.65280763
53744.891,-0.64985,-0.65278294
53745.004,-0.6517,-0.65278006
53745.914,-0.65065,-0.65275681
53746.899,-0.65655,-0.65273146
53747.885,-0.65165,-0.65270584
53747.999,-0.65685,-0.65270289
53748.867,-0.658,-0.65268011
53748.992,-0.65475,-0.65267681
53751.856,-0.65495,-0.65260005
53757.96,-0.64585,-0.65242712
53758.96,-0.64345,-0.65239733
53761.958,-0.6551,-0.65230532
53763.946,-0.6586,-0.6522418
53765.952,-0.65645,-0.65217554
53766.939,-0.65405,-0.65214212
53767.946,-0.65415,-0.65210739
53768.912,-0.645,-0.65207349
53770.934,-0.65135,-0.6520007
53777.818,-0.6525,-0.65173238
53777.917,-0.652,-0.65172828
53778.819,-0.65485,-0.65169061
53782.842,-0.65885,-0.65151551
53786.893,-0.65175,-0.65132759
53788.905,-0.65425,-0.65123007
53791.881,-0.64835,-0.65108106
53793.865,-0.64915,-0.65097875
53798.847,-0.65025,-0.6507128
53803.733,-0.6497,-0.65044249
53803.845,-0.647,-0.65043617
53810.83,-0.65275,-0.6500423
53815.879,-0.64675,-0.64975968
53817.835,-0.65085,-0.64965207
53819.859,-0.64735,-0.64954237
53827.806,-0.6535,-0.64913307
53831.722,-0.64465,-0.64894732
53838.799,-0.64145,-0.64864356
53841.802,-0.65385,-0.64852782
53842.802,-0.65575,-0.64849111
53843.801,-0.6543,-0.64845527
53844.802,-0.65365,-0.64842026
53845.79,-0.6531,-0.64838657
53846.787,-0.6517,-0.64835346
53849.783,-0.6437,-0.64825915
53851.784,-0.6367,-0.64820048
53852.778,-0.6337,-0.64817255
53854.775,-0.63135,-0.64811895
53855.775,-0.6362,-0.64809332
53856.744,-0.6408,-0.64806923
53858.718,-0.6535,-0.64802239
53859.692,-0.6597,-0.64800038
53860.706,-0.65905,-0.64797821
53864.746,-0.65105,-0.64789713
53865.747,-0.6492,-0.64787876
53866.748,-0.6484,-0.64786105
53867.739,-0.6433,-0.64784415
53869.728,-0.6318,-0.64781205
53875.737,-0.65705,-0.64772901
53876.705,-0.6548,-0.64771744
53878.723,-0.6475,-0.64769482
53882.729,-0.65225,-0.64765557
53883.715,-0.6496,-0.647647
53885.69,-0.64305,-0.64763104
53886.682,-0.63995,-0.64762361
53887.682,-0.6393,-0.64761651
53897.697,-0.65575,-0.64756497
53898.699,-0.6551,-0.64756162
53905.694,-0.64115,-0.64754679
54046.016,-0.66125,-0.65682614
54047.022,-0.65705,-0.65681882
54048.012,-0.65465,-0.65681125
54049.009,-0.65695,-0.65680325
54050.013,-0.6555,-0.65679482
54050.997,-0.6579,-0.65678617
54068.005,-0.6604,-0.65656562
54068.955,-0.65965,-0.65654855
54074.957,-0.65585,-0.65642642
54075.982,-0.65425,-0.65640293
54077.932,-0.6522,-0.65635596
54082.927,-0.65545,-0.65622129
54083.986,-0.6512,-0.65618998
54085.021,-0.65255,-0.6561584
54091.007,-0.65545,-0.65595612
54094.048,-0.65665,-0.65584008
54094.985,-0.65975,-0.65580246
54095.93,-0.66065,-0.65576365
54096.043,-0.6601,-0.65575894
54100.902,-0.6609,-0.65554461
54101.027,-0.6588,-0.65553876
54103.018,-0.6586,-0.65544383
54104.057,-0.6583,-0.65539268
54104.882,-0.6578,-0.65535131
54105.019,-0.65955,-0.6553444
54105.881,-0.65685,-0.65530035
54114.988,-0.6612,-0.65479221
54117.962,-0.6571,-0.65461057
54124.967,-0.6521,-0.65415719
54127.859,-0.6581,-0.65396127
54128.897,-0.65925,-0.65388996
54141.918,-0.6495,-0.65296853
54143.905,-0.6543,-0.65282646
54146.898,-0.65905,-0.65261336
54147.897,-0.6573,-0.6525426
54150.924,-0.64635,-0.65232991
54152.007,-0.64705,-0.65225453
54152.861,-0.64545,-0.65219536
54154.827,-0.64475,-0.65206032
54155.924,-0.6449,-0.65198579
54156.787,-0.64645,-0.65192754
54156.918,-0.6489,-0.65191873
54157.788,-0.6497,-0.65186044
54158.755,-0.6539,-0.65179615
54158.909,-0.65125,-0.65178591
54160.752,-0.65255,-0.65166501
54165.882,-0.65255,-0.65133968
54171.83,-0.64795,-0.65098581
54175.82,-0.65025,-0.65076391
54179.784,-0.658,-0.65055644
54191.807,-0.64675,-0.65000855
54192.807,-0.6452,-0.64996847
54193.801,-0.64975,-0.64992948
54194.804,-0.6508,-0.6498909
54197.813,-0.65115,-0.64978016
54201.804,-0.6458,-0.64964421
54204.794,-0.6494,-0.64955028
54205.795,-0.64835,-0.64952031
54206.786,-0.65255,-0.64949131
54210.774,-0.6461,-0.64938151
54212.761,-0.64705,-0.64933072
54220.838,-0.6533,-0.64914896
54222.744,-0.65,-0.64911139
54223.769,-0.6514,-0.64909195
54230.76,-0.64545,-0.64897268
54232.737,-0.64395,-0.64894283
54236.745,-0.6497,-0.64888701
54239.739,-0.6523,-0.64884909
54240.712,-0.6518,-0.64883742
54241.721,-0.64625,-0.64882562
54242.69,-0.6438,-0.6488146
54243.692,-0.64815,-0.6488035
54246.702,-0.64715,-0.64877192
54247.704,-0.65735,-0.64876197
54248.704,-0.6493,-0.64875229
54249.704,-0.64975,-0.64874287
54250.691,-0.6467,-0.64873383
54251.704,-0.6477,-0.64872478
54259.695,-0.647,-0.64866144
54260.696,-0.6455,-0.64865442
54264.699,-0.64835,-0.64862815
54265.689,-0.64975,-0.64862208
54266.687,-0.6462,-0.64861612
54268.69,-0.6449,-0.64860464
54270.7,-0.64935,-0.64859374
54275.686,-0.6499,-0.64856922
54276.687,-0.64725,-0.64856471
54277.673,-0.65135,-0.6485604
54406.026,-0.64155,-0.65137181
54407.025,-0.64805,-0.651377
54423.026,-0.65055,-0.65142141
54423.99,-0.65685,-0.65142217
54424.98,-0.65925,-0.65142275
54425.977,-0.6559,-0.65142315
54438.02,-0.6517,-0.65141494
54439.01,-0.65295,-0.65141332
54440.01,-0.65465,-0.65141155
54441.008,-0.6571,-0.65140967
54449.961,-0.64565,-0.65138775
54450.953,-0.64425,-0.65138481
54453.057,-0.6428,-0.6513783
54453.907,-0.64905,-0.65137556
54456.047,-0.652,-0.65136839
54457.004,-0.65285,-0.65136507
54458.043,-0.654,-0.65136138
54458.888,-0.6513,-0.65135832
54459.039,-0.6528,-0.65135777
54460.038,-0.6518,-0.65135408
54460.981,-0.6492,-0.65135054
54465.012,-0.6518,-0.65133474
54465.989,-0.6511,-0.65133078
54466.057,-0.65085,-0.6513305
54476.979,-0.65025,-0.65128341
54478.034,-0.64995,-0.65127869
54481.018,-0.64875,-0.65126533
54483.899,-0.6526,-0.65125247
54484.018,-0.65535,-0.65125194
54484.98,-0.65625,-0.65124768
54485.979,-0.6583,-0.65124329
54486.973,-0.65945,-0.65123896
54494.931,-0.6387,-0.65120634
54496.971,-0.64555,-0.65119886
54499.938,-0.6601,-0.65118892
54508.954,-0.6408,-0.65116802
54514.9,-0.6421,-0.65116475
54516.829,-0.65805,-0.65116596
54519.934,-0.6639,-0.65117057
54523.912,-0.65165,-0.65118172
54524.859,-0.64925,-0.65118531
54526.907,-0.6406,-0.65119437
54531.883,-0.63485,-0.65122423
54534.844,-0.6606,-0.65124761
54538.8,-0.6567,-0.65128581
54540.738,-0.65455,-0.65130756
54553.836,-0.658,-0.65151021
54554.827,-0.6573,-0.65152967
54556.827,-0.65545,-0.65157075
54559.827,-0.6551,-0.65163692
54560.776,-0.64955,-0.651659
54561.821,-0.6433,-0.65168398
54563.81,-0.63685,-0.65173335
54564.812,-0.64025,-0.65175914
54565.802,-0.64465,-0.65178522
54566.756,-0.6526,-0.65181093
54567.741,-0.65865,-0.65183807
54568.772,-0.658,-0.65186711
54569.697,-0.6562,-0.65189371
54571.732,-0.65645,-0.65195408
54573.802,-0.6597,-0.65201801
54574.79,-0.6609,-0.65204946
54576.809,-0.6539,-0.65211546
54577.793,-0.64695,-0.6521485
54578.771,-0.64015,-0.65218188
54579.8,-0.63615,-0.65221756
54580.791,-0.6367,-0.65225253
54581.774,-0.6403,-0.65228773
54582.776,-0.64785,-0.65232418
54584.764,-0.65655,-0.65239809
54585.778,-0.65885,-0.65243657
54586.781,-0.6561,-0.65247518
54589.777,-0.6571,-0.65259349
54596.722,-0.63835,-0.65288372
54605.755,-0.6559,-0.65328894
54606.729,-0.65675,-0.65333413
54608.719,-0.66205,-0.65342722
54612.722,-0.6493,-0.65361687
54614.72,-0.6492,-0.65371256
54615.71,-0.6483,-0.65376017
54617.709,-0.653,-0.65385662
54618.701,-0.65545,-0.65390458
54619.687,-0.66055,-0.65395233
54620.687,-0.65725,-0.65400082
54621.699,-0.6579,-0.6540499
54623.698,-0.66165,-0.65414686
54624.688,-0.66305,-0.65419489
54625.688,-0.66495,-0.65424337
54628.689,-0.6604,-0.65438849
54630.689,-0.66175,-0.65448478
54631.68,-0.6559,-0.65453233
54634.696,-0.6604,-0.65467623
54636.672,-0.6559,-0.65476965
54831.012,-0.6503,-0.65293814
54832.01,-0.6511,-0.65291017
54834.002,-0.6564,-0.65285091
54834.97,-0.65875,-0.65282039
54839.002,-0.6494,-0.6526804
54839.998,-0.6514,-0.65264246
54841.0,-0.6515,-0.65260291
54841.993,-0.6545,-0.6525623
54842.963,-0.6505,-0.65252121
54843.887,-0.655,-0.65248082
54843.959,-0.6531,-0.65247761
54844.902,-0.653,-0.65243489
54844.994,-0.65405,-0.65243067
54846.968,-0.65375,-0.6523366
54848.902,-0.65215,-0.65223837
54848.961,-0.65415,-0.65223528
54848.984,-0.65335,-0.6522341
54861.925,-0.6586,-0.65141056
54862.918,-0.65885,-0.65133506
54863.873,-0.65725,-0.65126079
54864.933,-0.65485,-0.65117644
54865.939,-0.6552,-0.65109445
54867.832,-0.6552,-0.65093541
54867.923,-0.65465,-0.65092759
54869.891,-0.65345,-0.65075525
54875.899,-0.6541,-0.65018926
54880.897,-0.6566,-0.64967665
54882.881,-0.6548,-0.64946412
54892.827,-0.6477,-0.64834142
54893.821,-0.6526,-0.64822576
54901.879,-0.6527,-0.64728097
54903.841,-0.6493,-0.64705201
54906.831,-0.6404,-0.64670628
54907.821,-0.6416,-0.64659295
54909.826,-0.64705,-0.64636557
54914.84,-0.6382,-0.64581203
54916.84,-0.64655,-0.64559834
54917.798,-0.6433,-0.64549765
54918.813,-0.64735,-0.6453922
54921.804,-0.6417,-0.64508899
54923.714,-0.6436,-0.64490165
54925.768,-0.65065,-0.64470583
54926.739,-0.64795,-0.64461532
54928.785,-0.643,-0.64442925
54930.827,-0.63445,-0.64424967
54933.815,-0.6362,-0.64399819
54934.789,-0.64105,-0.64391914
54937.79,-0.63885,-0.64368464
54938.78,-0.6417,-0.64361031
54939.78,-0.6435,-0.6435367
54940.722,-0.6443,-0.64346869
54941.776,-0.64405,-0.64339422
54942.821,-0.64345,-0.64332197
54945.791,-0.6391,-0.64312543
54948.803,-0.63425,-0.64293889
54951.708,-0.63435,-0.64277099
54952.697,-0.63195,-0.64271641
54958.719,-0.64485,-0.64241118
54959.711,-0.64355,-0.64236521
54962.725,-0.6375,-0.6422326
54964.759,-0.638,-0.64214889
54965.75,-0.6403,-0.64210976
54966.716,-0.64055,-0.64207261
54975.691,-0.64545,-0.64177176
54977.722,-0.6444,-0.64171394
54980.69,-0.6437,-0.64163565
54982.706,-0.6375,-0.64158645
55161.015,-0.6219,-0.62621272
55162.994,-0.6354,-0.62628145
55185.037,-0.6282,-0.62750784
55192.036,-0.61975,-0.62806989
55195.923,-0.62275,-0.62841172
55196.026,-0.62435,-0.62842096
55198.025,-0.6209,-0.62860394
55198.908,-0.62,-0.62868603
55202.007,-0.6205,-0.62897966
55221.844,-0.6323,-0.63091761
55237.965,-0.63345,-0.63228055
55241.892,-0.63595,-0.63255572
55242.89,-0.6339,-0.6326217
55243.886,-0.63565,-0.63268597
55245.889,-0.63625,-0.63281044
55247.859,-0.63185,-0.63292671
55260.854,-0.63505,-0.63354818
55268.838,-0.6296,-0.63382166
55269.815,-0.6317,-0.63385047
55270.829,-0.6342,-0.63387942
55271.829,-0.6382,-0.63390701
55273.83,-0.64015,-0.63395961
55274.84,-0.6376,-0.6339849
55275.86,-0.6391,-0.63400961
55278.712,-0.63455,-0.63407456
55280.711,-0.62595,-0.63411674
55280.802,-0.63095,-0.6341186
55281.727,-0.62835,-0.63413723
55289.794,-0.63505,-0.63428005
55290.814,-0.6375,-0.63429597
55291.814,-0.64035,-0.63431118
55292.814,-0.6393,-0.63432603
55293.812,-0.63925,-0.63434049
55294.805,-0.6374,-0.63435455
55295.804,-0.6344,-0.63436836
55296.804,-0.6319,-0.63438189
55298.793,-0.62625,-0.63440796
55299.79,-0.62715,-0.63442062
55306.793,-0.6334,-0.63450313
55312.753,-0.63475,-0.63456603
55314.743,-0.6286,-0.63458578
55315.745,-0.6274,-0.63459551
55317.745,-0.6268,-0.63461449
55319.778,-0.6305,-0.63463323
55320.739,-0.6329,-0.63464189
55321.729,-0.6347,-0.63465068
55323.729,-0.63575,-0.63466804
55324.729,-0.63925,-0.63467652
55325.729,-0.6385,-0.63468486
55326.72,-0.64255,-0.63469299
55327.719,-0.6423,-0.63470105
55328.719,-0.6414,-0.63470899
55329.709,-0.6375,-0.6347167
55337.686,-0.6318,-0.63477366
55338.69,-0.63315,-0.63478014
55341.679,-0.6378,-0.63479846
55342.68,-0.64,-0.63480425
55347.682,-0.638,-0.6348306
55350.681,-0.62995,-0.6348442
55351.684,-0.62935,-0.63484837
55353.686,-0.6328,-0.63485609
55360.666,-0.64635,-0.63487676
55361.668,-0.6473,-0.63487891
55364.667,-0.63565,-0.63488408
55365.659,-0.6314,-0.63488537
55366.657,-0.627,-0.63488646
55368.657,-0.6245,-0.63488803
55529.02,-0.6426,-0.64743892
55542.989,-0.6498,-0.64773383
55544.962,-0.6431,-0.64777757
55549.993,-0.635,-0.64789179
55554.931,-0.64915,-0.64800777
55555.016,-0.65025,-0.64800982
55556.994,-0.65245,-0.64805737
55559.036,-0.65235,-0.64810708
55571.938,-0.6539,-0.64843453
55572.901,-0.6572,-0.64845972
55572.992,-0.65495,-0.64846212
55574.994,-0.65505,-0.64851474
55575.882,-0.6542,-0.64853815
55575.988,-0.6553,-0.64854095
55577.98,-0.64245,-0.64859365
55579.879,-0.631,-0.64864404
55579.972,-0.6322,-0.6486465
55580.866,-0.632,-0.64867024
55580.971,-0.63225,-0.64867303
55581.968,-0.63595,-0.64869952
55582.969,-0.6423,-0.6487261
55583.942,-0.64675,-0.64875191
55584.943,-0.6493,-0.64877842
55589.945,-0.6606,-0.64890998
55591.937,-0.6591,-0.64896163
55595.916,-0.6381,-0.64906292
55596.925,-0.6377,-0.64908811
55598.918,-0.64135,-0.64913712
55599.908,-0.64445,-0.64916105
55600.886,-0.64755,-0.64918445
55601.844,-0.64675,-0.64920709
55601.924,-0.6493,-0.64920895
55603.822,-0.6555,-0.64925285
55603.914,-0.6564,-0.64925495
55604.912,-0.6591,-0.64927746
55605.8,-0.65905,-0.6492972
55605.904,-0.65825,-0.6492995
55607.79,-0.66095,-0.64934027
55607.897,-0.6594,-0.64934253
55608.898,-0.6589,-0.64936353
55610.865,-0.6451,-0.64940342
55617.868,-0.6419,-0.64952952
55618.925,-0.64255,-0.64954619
55624.848,-0.6619,-0.64962698
55625.846,-0.65795,-0.64963842
55630.816,-0.64475,-0.64968585
55636.827,-0.64705,-0.64972227
55637.755,-0.65155,-0.64972593
55638.808,-0.656,-0.64972949
55640.839,-0.664,-0.64973461
55643.815,-0.65505,-0.64973823
55646.838,-0.64715,-0.64973765
55647.789,-0.6466,-0.64973668
55648.811,-0.6467,-0.64973526
55648.861,-0.6457,-0.64973518
55653.804,-0.64895,-0.64972356
55655.865,-0.6557,-0.64971698
55658.816,-0.66045,-0.64970645
55662.723,-0.64445,-0.64969167
55664.714,-0.6488,-0.64968426
55666.789,-0.6482,-0.64967692
55668.772,-0.6437,-0.64967048
55669.777,-0.64485,-0.64966749
55671.777,-0.64625,-0.64966222
55672.772,-0.65005,-0.64965997
55677.762,-0.65035,-0.64965323
55680.758,-0.6503,-0.64965342
55682.748,-0.64665,-0.64965555
55683.743,-0.6449,-0.64965724
55684.744,-0.63875,-0.64965939
55687.778,-0.6431,-0.64966865
55688.738,-0.64685,-0.64967247
55689.725,-0.65125,-0.64967685
55691.687,-0.6558,-0.64968693
55692.69,-0.6537,-0.6496928
55693.726,-0.64995,-0.64969938
55695.7,-0.6476,-0.64971335
55696.701,-0.6497,-0.64972115
55697.701,-0.6495,-0.64972943
55698.702,-0.6462,-0.64973821
55699.704,-0.6424,-0.64974747
55704.696,-0.64135,-0.64980064
55705.695,-0.6437,-0.64981267
55706.694,-0.65485,-0.64982514
55709.719,-0.65245,-0.64986556
55710.686,-0.6509,-0.64987932
55711.712,-0.6568,-0.64989433
55715.685,-0.6547,-0.64995643
55716.688,-0.649,-0.64997305
55720.677,-0.64255,-0.65004279
55721.677,-0.6485,-0.65006113
55723.678,-0.65665,-0.6500988
55724.667,-0.6579,-0.65011786
55726.665,-0.65775,-0.65015729
55727.667,-0.6568,-0.65017748
55728.667,-0.6564,-0.6501979
55912.034,-0.65485,-0.65366609
55920.029,-0.6563,-0.65379553
55921.03,-0.657,-0.6538136
55923.023,-0.6527,-0.65385083
55925.017,-0.64995,-0.6538898
55925.986,-0.65155,-0.65390933
55926.956,-0.6496,-0.65392932
55927.033,-0.6503,-0.65393092
55927.914,-0.6526,-0.65394945
55928.028,-0.6529,-0.65395188
55928.9,-0.6532,-0.6539706
55929.014,-0.651,-0.65397308
55930.013,-0.6528,-0.65399496
55930.916,-0.6508,-0.65401514
55931.018,-0.6519,-0.65401744
55931.9,-0.65535,-0.65403753
55932.014,-0.65365,-0.65404016
55932.899,-0.65275,-0.65406067
55934.906,-0.65505,-0.65410849
55935.008,-0.65615,-0.65411098
55935.895,-0.6556,-0.65413271
55935.998,-0.65765,-0.65413524
55936.89,-0.65305,-0.65415748
55936.993,-0.65525,-0.65416007
55946.955,-0.64815,-0.65443076
55947.956,-0.64885,-0.65446005
55952.945,-0.65445,-0.65461114
55953.944,-0.6541,-0.65464232
55955.881,-0.6546,-0.65470358
55956.829,-0.65285,-0.65473392
55958.833,-0.65265,-0.6547988
55958.935,-0.65475,-0.65480213
55959.987,-0.6513,-0.65483654
55962.943,-0.64855,-0.65493441
55963.812,-0.64855,-0.65496347
55967.888,-0.6555,-0.65510089
55968.898,-0.65135,-0.65513517
55969.937,-0.6526,-0.65517045
55970.89,-0.65045,-0.65520288
55972.876,-0.65635,-0.65527046
55976.874,-0.654,-0.65540606
55977.945,-0.65215,-0.65544214
55978.874,-0.65285,-0.65547335
55979.874,-0.65465,-0.65550682
55980.867,-0.65485,-0.6555399
55981.863,-0.6571,-0.65557292
55982.863,-0.6603,-0.6556059
55983.844,-0.65945,-0.65563802
55984.842,-0.65815,-0.65567049
55986.801,-0.6556,-0.65573354
55988.755,-0.66105,-0.65579539
55989.762,-0.66285,-0.65582682
55989.851,-0.66365,-0.65582957
55990.733,-0.66275,-0.6558568
55990.848,-0.6632,-0.65586034
55991.846,-0.6629,-0.65589082
55992.752,-0.6574,-0.65591819
55995.83,-0.65335,-0.65600889
55996.862,-0.65355,-0.65603849
55997.829,-0.6541,-0.65606581
56000.83,-0.65645,-0.65614809
56001.827,-0.6548,-0.65617456
56002.826,-0.6546,-0.6562006
56003.824,-0.6558,-0.65622616
56007.811,-0.65615,-0.65632354
56008.808,-0.65605,-0.65634667
56009.82,-0.6533,-0.65636963
56010.821,-0.65305,-0.65639183
56013.795,-0.655,-0.65645482
56014.784,-0.65615,-0.65647475
56015.764,-0.6579,-0.65649403
56016.742,-0.6587,-0.65651276
56017.716,-0.65665,-0.65653092
56018.703,-0.6575,-0.65654883
56018.78,-0.65855,-0.65655019
56019.712,-0.6596,-0.65656661
56020.755,-0.6557,-0.65658445
56023.799,-0.65515,-0.65663333
56025.792,-0.655,-0.65666281
56028.793,-0.65805,-0.65670349
56029.792,-0.6604,-0.65671606
56031.793,-0.6603,-0.6567398
56033.783,-0.65885,-0.65676156
56034.782,-0.6592,-0.65677179
56035.783,-0.65995,-0.6567816
56036.782,-0.65825,-0.65679094
56037.77,-0.65685,-0.65679974
56038.768,-0.6564,-0.65680822
56039.764,-0.65765,-0.65681624
56041.755,-0.6565,-0.65683105
56042.761,-0.65425,-0.65683793
56044.719,-0.6547,-0.65685015
56045.703,-0.65515,-0.65685573
56046.691,-0.65525,-0.65686097
56047.692,-0.6569,-0.65686591
56048.734,-0.6563,-0.65687067
56049.734,-0.65535,-0.65687487
56051.725,-0.659,-0.6568822
56052.726,-0.65685,-0.65688539
56054.726,-0.6587,-0.65689078
56056.738,-0.65985,-0.65689494
56058.718,-0.65705,-0.65689785
56059.717,-0.65935,-0.6568989
56060.708,-0.65845,-0.65689966
56061.708,-0.6555,-0.65690016
56062.707,-0.65815,-0.65690039
56063.698,-0.65735,-0.65690037
56064.698,-0.65925,-0.6569001
56065.698,-0.6561,-0.65689958
56066.689,-0.65795,-0.65689883
56067.689,-0.6575,-0.65689784
56068.688,-0.65595,-0.65689663
56070.69,-0.6588,-0.65689354
56073.681,-0.6613,-0.65688739
56074.682,-0.66055,-0.65688494
56075.68,-0.65515,-0.65688231
56077.683,-0.65085,-0.6568765
56078.671,-0.65485,-0.65687338
56083.684,-0.65205,-0.65685519
56084.686,-0.65585,-0.65685111
56085.686,-0.6556,-0.65684691
56092.668,-0.6497,-0.65681418
56093.668,-0.65585,-0.65680906
56094.668,-0.65915,-0.65680385
56097.658,-0.65875,-0.65678773
56256.011,-0.6576,-0.65881236
56257.007,-0.65635,-0.65879823
56261.015,-0.66215,-0.65873693
56261.988,-0.66025,-0.65872095
56265.98,-0.6577,-0.65865099
56270.042,-0.6616,-0.65857235
56271.047,-0.66405,-0.65855176
56275.048,-0.65455,-0.6584653
56279.056,-0.6559,-0.65837177
56281.957,-0.6601,-0.65829995
56282.047,-0.65795,-0.65829768
56282.94,-0.6602,-0.65827488
56283.053,-0.6595,-0.65827197
56297.996,-0.6565,-0.65785267
56299.983,-0.66005,-0.65779309
56301.957,-0.65985,-0.65773342
56304.997,-0.6592,-0.65764093
56305.97,-0.66145,-0.65761125
56306.96,-0.6619,-0.65758107
56307.97,-0.66295,-0.65755026
56308.936,-0.6627,-0.65752083
56309.87,-0.66215,-0.65749242
56309.983,-0.66145,-0.657489
56312.969,-0.6581,-0.65739874
56314.848,-0.6574,-0.65734248
56314.96,-0.65755,-0.65733915
56324.919,-0.6624,-0.65705352
56328.91,-0.6583,-0.65694705
56329.897,-0.658,-0.65692155
56330.907,-0.6555,-0.65689583
56334.897,-0.64755,-0.6567979
56336.892,-0.6469,-0.65675119
56337.873,-0.65105,-0.65672879
56339.91,-0.6602,-0.65668342
56340.895,-0.66115,-0.65666201
56346.766,-0.65475,-0.65654168
56346.848,-0.652,-0.65654009
56347.785,-0.65365,-0.65652199
56347.888,-0.64645,-0.65652
56348.797,-0.6554,-0.65650271
56349.838,-0.655,-0.65648321
56350.904,-0.6535,-0.65646353
56351.88,-0.64935,-0.65644581
56352.841,-0.6503,-0.65642855
56353.844,-0.6485,-0.6564108
56354.852,-0.64655,-0.65639314
56358.838,-0.66455,-0.65632513
56362.826,-0.66085,-0.65625887
56363.84,-0.6603,-0.65624216
56364.833,-0.6592,-0.65622578
56365.83,-0.65815,-0.65620934
56366.811,-0.6578,-0.6561931
56368.789,-0.65235,-0.65616017
56374.719,-0.66245,-0.65605815
56374.806,-0.6601,-0.65605661
56376.791,-0.66275,-0.65602072
56382.803,-0.65775,-0.65590448
56383.806,-0.6556,-0.65588378
56385.815,-0.6554,-0.65584103
56389.805,-0.65785,-0.65575065
56392.779,-0.6634,-0.65567815
56393.777,-0.6638,-0.65565278
56394.787,-0.6634,-0.65562659
56395.79,-0.6621,-0.65560001
56396.787,-0.66055,-0.65557305
56397.758,-0.66145,-0.65554629
56399.717,-0.65415,-0.65549069
56400.704,-0.65395,-0.65546187
56401.693,-0.65175,-0.65543245
56402.714,-0.6495,-0.65540152
56404.761,-0.6477,-0.65533778
56405.751,-0.64835,-0.65530613
56408.749,-0.6553,-0.65520714
56409.757,-0.6564,-0.65517281
56410.757,-0.65695,-0.65513825
56411.745,-0.65605,-0.65510359
56412.747,-0.655,-0.65506799
56413.746,-0.6567,-0.65503202
56414.744,-0.6585,-0.65499562
56415.735,-0.6581,-0.65495904
56424.742,-0.6478,-0.65460904
56425.706,-0.6525,-0.65457003
56426.705,-0.6523,-0.6545293
56441.681,-0.65255,-0.65390163
56442.68,-0.6556,-0.6538595
56444.674,-0.65225,-0.65377567
56445.682,-0.6497,-0.65373345
56446.664,-0.65195,-0.65369246
56447.684,-0.6523,-0.65365005
56448.683,-0.6559,-0.6536087
56452.674,-0.64555,-0.65344548
56453.677,-0.6433,-0.65340505
56454.664,-0.64365,-0.65336551
56455.668,-0.6469,-0.65332561
56457.667,-0.65565,-0.653247
56462.656,-0.6518,-0.65305668
56463.656,-0.65305,-0.65301962
56464.655,-0.65595,-0.65298299
56616.024,-0.6487,-0.65533269
56651.044,-0.64905,-0.65528899
56651.991,-0.6506,-0.65528129
56652.041,-0.6503,-0.65528087
56652.988,-0.6549,-0.65527282
56653.038,-0.6557,-0.65527239
56653.989,-0.659,-0.65526395
56654.986,-0.6636,-0.65525474
56656.978,-0.65965,-0.65523523
56657.978,-0.6599,-0.65522487
56658.972,-0.65915,-0.65521422
56659.972,-0.65565,-0.65520312
56660.933,-0.65545,-0.65519212
56661.02,-0.65395,-0.6551911
56664.911,-0.6514,-0.65514293
56665.01,-0.6522,-0.65514164
56666.882,-0.64785,-0.6551164
56667.887,-0.65375,-0.65510233
56667.989,-0.65455,-0.65510088
56668.988,-0.6592,-0.6550865
56669.88,-0.66115,-0.65507335
56669.964,-0.65975,-0.6550721
56670.997,-0.66405,-0.6550565
56671.875,-0.663,-0.65504292
56671.984,-0.6631,-0.65504121
56672.976,-0.66145,-0.65502551
56673.869,-0.6597,-0.65501107
56673.95,-0.6603,-0.65500975
56674.942,-0.6566,-0.65499336
56675.869,-0.65335,-0.65497774
56675.942,-0.65365,-0.6549765
56678.924,-0.64645,-0.65492415
56683.94,-0.64415,-0.65482936
56686.898,-0.65765,-0.65476967
56694.833,-0.65585,-0.65459682
56699.797,-0.6401,-0.65448033
56699.878,-0.64175,-0.65447837
56700.912,-0.64655,-0.65445338
56701.874,-0.64955,-0.65442994
56702.813,-0.6552,-0.65440689
56702.873,-0.65275,-0.65440542
56706.852,-0.6602,-0.6543059
56706.894,-0.6607,-0.65430484
56707.89,-0.6576,-0.65427954
56707.955,-0.6611,-0.65427787
56715.861,-0.64555,-0.65407296
56722.849,-0.65765,-0.65388899
56724.919,-0.65995,-0.65383458
56726.844,-0.6622,-0.65378418
56727.807,-0.6589,-0.65375904
56728.805,-0.65575,-0.65373311
56731.777,-0.64665,-0.65365643
56732.794,-0.64945,-0.65363042
56733.794,-0.64965,-0.65360499
56736.794,-0.66005,-0.65352959
56739.795,-0.656,-0.65345574
56740.859,-0.65555,-0.65342998
56741.787,-0.6555,-0.6534077
56742.844,-0.65715,-0.65338255
56744.775,-0.6543,-0.65333725
56747.831,-0.64275,-0.65326743
56748.779,-0.64225,-0.65324625
56749.778,-0.6461,-0.65322419
56751.76,-0.65615,-0.65318125
56753.834,-0.65945,-0.6531375
56754.711,-0.6577,-0.65311938
56755.696,-0.6543,-0.65309931
56755.764,-0.65255,-0.65309795
56756.687,-0.65285,-0.65307942
56760.78,-0.65645,-0.6530005
56761.766,-0.6541,-0.6529823
56762.757,-0.65155,-0.65296432
56763.759,-0.64945,-0.65294647
56769.712,-0.65955,-0.65284742
56771.768,-0.65125,-0.65281605
56772.739,-0.6502,-0.65280175
56776.751,-0.6525,-0.65274612
56777.753,-0.6529,-0.65273311
56780.715,-0.6488,-0.65269669
56781.689,-0.64895,-0.65268539
56782.687,-0.6499,-0.65267415
56783.667,-0.65345,-0.65266344
56785.702,-0.655,-0.65264227
56786.724,-0.6516,-0.65263217
56787.719,-0.64805,-0.65262268
56788.707,-0.64735,-0.65261359
56789.709,-0.64555,-0.6526047
56790.703,-0.65035,-0.65259622
56792.721,-0.65425,-0.65258
56793.73,-0.65495,-0.65257239
56799.704,-0.65015,-0.65253392
56800.71,-0.6555,-0.65252853
56801.696,-0.6545,-0.65252354
56803.705,-0.6542,-0.65251424
56807.697,-0.64985,-0.65249919
56808.698,-0.65745,-0.6524961
56809.696,-0.65715,-0.65249329
56813.685,-0.64155,-0.65248462
56814.681,-0.64585,-0.65248307
56815.671,-0.6476,-0.65248177
56816.672,-0.65325,-0.65248069
56817.673,-0.65705,-0.65247985
56818.676,-0.65895,-0.65247922
56819.668,-0.65685,-0.65247883
56821.675,-0.6543,-0.65247869
56822.674,-0.65065,-0.65247894
56823.672,-0.6526,-0.6524794
56825.664,-0.6559,-0.65248091
56988.044,-0.65725,-0.66050694
56989.043,-0.65635,-0.66051743
56990.018,-0.6604,-0.66052751
56991.008,-0.66105,-0.66053758
56991.989,-0.6617,-0.66054738
56998.975,-0.65685,-0.66061179
57001.967,-0.6598,-0.66063612
57002.05,-0.6582,-0.66063677
57015.005,-0.6607,-0.66071353
57016.007,-0.66275,-0.66071725
57018.962,-0.6614,-0.66072613
57019.04,-0.65925,-0.66072632
57019.92,-0.6572,-0.66072831
57020.028,-0.65795,-0.66072854
57021.907,-0.6602,-0.66073171
57022.021,-0.6597,-0.66073186
57025.904,-0.66445,-0.66073372
57026.012,-0.6664,-0.66073368
57026.904,-0.6645,-0.66073317
57026.986,-0.6638,-0.66073311
57028.899,-0.6611,-0.66073078
57028.972,-0.66125,-0.66073066
57035.955,-0.65935,-0.66070776
57039.942,-0.6575,-0.66068418
57040.94,-0.65945,-0.66067702
57041.914,-0.66125,-0.66066955
57042.932,-0.66085,-0.66066123
57043.926,-0.6613,-0.66065259
57044.923,-0.66375,-0.66064341
57045.931,-0.6607,-0.66063359
57046.94,-0.65995,-0.66062323
57056.9,-0.663,-0.66049192
57057.816,-0.66455,-0.66047717
57058.895,-0.6654,-0.66045924
57060.889,-0.66595,-0.66042446
57060.929,-0.66455,-0.66042373
57061.884,-0.6627,-0.66040633
57061.923,-0.6631,-0.66040561
57061.971,-0.66255,-0.66040471
57062.874,-0.66005,-0.66038775
57062.924,-0.6598,-0.66038681
57063.88,-0.65905,-0.66036836
57063.919,-0.6587,-0.6603676
57064.88,-0.65695,-0.66034858
57065.878,-0.65975,-0.66032831
57066.867,-0.661,-0.66030772
57078.879,-0.66325,-0.66001967
57080.768,-0.66015,-0.65996843
57080.866,-0.6612,-0.65996574
57086.823,-0.65765,-0.65979466
57087.81,-0.6589,-0.65976509
57088.899,-0.6593,-0.65973206
57089.817,-0.6604,-0.65970391
57089.868,-0.6593,-0.65970234
57090.793,-0.66055,-0.65967369
57090.844,-0.66125,-0.6596721
57090.885,-0.65995,-0.65967081
57091.809,-0.66005,-0.65964194
57091.861,-0.6591,-0.6596403
57091.902,-0.6591,-0.65963901
57092.801,-0.6607,-0.65961065
57095.821,-0.65805,-0.6595138
57097.799,-0.65705,-0.65944915
57103.794,-0.6553,-0.65924874
57104.795,-0.6585,-0.65921476
57108.73,-0.6602,-0.65908019
57108.798,-0.66005,-0.65907785
57109.724,-0.65965,-0.65904604
57109.792,-0.66125,-0.65904371
57113.773,-0.656,-0.65890664
57118.748,-0.6563,-0.65873585
57119.754,-0.65625,-0.65870153
57122.764,-0.6593,-0.65859945
57123.764,-0.661,-0.65856578
57127.756,-0.6608,-0.65843309
57128.758,-0.6598,-0.65840022
57129.758,-0.65905,-0.65836766
57131.766,-0.65365,-0.65830292
57132.767,-0.6599,-0.65827101
57133.764,-0.65815,-0.65823947
57134.733,-0.6569,-0.65820907
57135.72,-0.65435,-0.65817834
57142.733,-0.66025,-0.65796832
57145.723,-0.6569,-0.65788355
57146.7,-0.65585,-0.6578565
57148.735,-0.65935,-0.65780124
57149.701,-0.65695,-0.65777553
57150.72,-0.65665,-0.65774876
57151.722,-0.65595,-0.65772281
57152.725,-0.65365,-0.65769722
57153.717,-0.6527,-0.65767226
57160.702,-0.6562,-0.6575069
57161.702,-0.6557,-0.65748474
57164.697,-0.6534,-0.65742059
57166.676,-0.65735,-0.65738003
57167.681,-0.65895,-0.65735999
57170.68,-0.6538,-0.65730241
57171.676,-0.6541,-0.65728401
57172.676,-0.657,-0.65726587
57177.676,-0.6602,-0.65718054
57180.679,-0.66055,-0.65713336
57185.663,-0.65795,-0.65706146
57186.668,-0.65685,-0.65704788
57193.656,-0.655,-0.65696147
57194.656,-0.65465,-0.65695017
57348.014,-0.64855,-0.64929971
57358.981,-0.65445,-0.64910886
57362.971,-0.65365,-0.64904983
57365.974,-0.6532,-0.64900969
57374.033,-0.65175,-0.64892253
57374.99,-0.6529,-0.64891435
57375.049,-0.6482,-0.64891386
57378.044,-0.6491,-0.64889148
57384.027,-0.65435,-0.64886196
57390.017,-0.64905,-0.64885409
57390.991,-0.6475,-0.64885496
57391.02,-0.64645,-0.64885499
57391.059,-0.64545,-0.64885504
57398.945,-0.6474,-0.64888574
57399.904,-0.64955,-0.64889237
57399.965,-0.65065,-0.64889281
57400.922,-0.6492,-0.64890011
57400.99,-0.6512,-0.64890066
57405.859,-0.64515,-0.64894806
57405.969,-0.64505,-0.64894933
57407.936,-0.64335,-0.64897346
57408.86,-0.64655,-0.64898575
57408.941,-0.6448,-0.64898686
57411.906,-0.65805,-0.64903069
57412.848,-0.65235,-0.64904596
57413.842,-0.6511,-0.64906278
57415.889,-0.65145,-0.64909971
57416.895,-0.65115,-0.64911896
57416.933,-0.65235,-0.6491197
57416.991,-0.6502,-0.64912084
57417.936,-0.649,-0.64913968
57417.989,-0.64845,-0.64914076
57418.874,-0.64725,-0.64915904
57418.923,-0.6473,-0.64916005
57418.99,-0.64425,-0.64916146
57421.856,-0.64345,-0.64922479
57422.857,-0.6425,-0.64924831
57422.935,-0.6415,-0.64925017
57423.854,-0.63925,-0.64927245
57423.932,-0.6399,-0.64927437
57424.849,-0.6414,-0.64929727
57424.926,-0.64105,-0.64929922
57427.857,-0.65195,-0.64937654
57427.925,-0.65005,-0.64937841
57428.831,-0.6554,-0.64940359
57428.919,-0.6545,-0.64940605
57429.836,-0.654,-0.64943218
57429.914,-0.655,-0.64943443
57430.833,-0.65525,-0.64946122
57430.91,-0.65475,-0.64946349
57434.79,-0.6437,-0.64958318
57434.871,-0.6421,-0.64958579
57435.783,-0.63975,-0.6496154
57435.865,-0.63945,-0.64961811
57436.776,-0.6389,-0.64964828
57436.866,-0.64095,-0.64965131
57440.776,-0.64455,-0.64978692
57440.847,-0.64465,-0.6497895
57440.887,-0.6434,-0.64979091
57443.823,-0.6474,-0.64989897
57443.861,-0.64635,-0.64990041
57443.919,-0.64755,-0.64990258
57444.819,-0.64755,-0.6499367
57444.857,-0.64895,-0.64993816
57444.915,-0.6464,-0.6499404
57445.848,-0.64865,-0.64997629
57446.815,-0.65265,-0.65001397
57446.862,-0.65245,-0.65001582
57446.913,-0.65375,-0.65001783
57448.806,-0.6544,-0.65009309
57448.865,-0.6576,-0.65009546
57449.86,-0.6556,-0.65013573
57450.807,-0.65055,-0.65017448
57457.788,-0.64655,-0.65047147
57458.788,-0.6498,-0.65051542
57458.838,-0.6478,-0.65051763
57459.845,-0.64995,-0.65056218
57460.78,-0.6493,-0.65060376
57462.744,-0.65065,-0.65069184
57462.82,-0.65035,-0.65069525
57463.724,-0.6587,-0.65073607
57463.812,-0.6535,-0.65074003
57464.704,-0.65575,-0.65078045
57464.788,-0.6544,-0.65078424
57465.696,-0.6551,-0.65082553
57465.822,-0.65715,-0.65083125
57466.775,-0.65545,-0.65087469
57467.777,-0.6487,-0.65092045
57470.776,-0.63895,-0.65105776
57471.777,-0.64975,-0.65110358
57471.806,-0.65025,-0.65110489
57471.845,-0.6489,-0.65110668
57472.776,-0.65135,-0.65114927
57472.807,-0.6519,-0.65115069
57473.797,-0.65345,-0.65119594
57474.766,-0.65475,-0.65124013
57475.765,-0.6557,-0.65128561
57479.825,-0.65545,-0.65146861
57480.773,-0.65875,-0.65151084
57481.768,-0.66045,-0.65155484
57482.759,-0.65685,-0.6515984
57487.859,-0.64835,-0.65181699
57491.716,-0.65215,-0.65197468
57492.688,-0.6523,-0.65201321
57492.747,-0.65125,-0.65201552
57493.736,-0.64985,-0.65205413
57494.688,-0.6502,-0.65209078
57495.698,-0.6524,-0.65212905
57497.759,-0.6583,-0.65220516
57498.73,-0.66265,-0.65224005
57498.768,-0.66145,-0.65224139
57499.737,-0.65975,-0.65227556
57499.774,-0.6609,-0.65227687
57502.751,-0.64605,-0.65237761
57503.725,-0.64535,-0.65240919
57504.726,-0.6457,-0.65244091
57505.743,-0.64935,-0.65247234
57508.742,-0.65085,-0.65256034
57509.719,-0.65225,-0.65258746
57510.732,-0.6526,-0.65261478
57511.732,-0.6535,-0.65264093
57512.733,-0.6578,-0.65266627
57513.734,-0.6609,-0.6526908
57514.73,-0.66565,-0.6527144
57515.724,-0.66585,-0.65273712
57516.7,-0.6638,-0.65275862
57517.731,-0.657,-0.65278047
57518.726,-0.65175,-0.65280074
57519.708,-0.6466,-0.65281992
57525.69,-0.6507,-0.65291953
57526.691,-0.65055,-0.65293335
57529.726,-0.65445,-0.65297035
57533.688,-0.66005,-0.6530079
57534.685,-0.65745,-0.65301549
57536.687,-0.6461,-0.65302854
57537.676,-0.6452,-0.65303393
57538.676,-0.64305,-0.6530387
57542.676,-0.65115,-0.65305101
57543.676,-0.65135,-0.65305247
57544.677,-0.65025,-0.65305331
57545.683,-0.6587,-0.65305354
57547.671,-0.66345,-0.65305225
57553.666,-0.6461,-0.65303527
57554.653,-0.64665,-0.65303074
57555.653,-0.6503,-0.65302569
57558.656,-0.65265,-0.65300788
57707.036,-0.65645,-0.65666029
57708.031,-0.6569,-0.65664803
57712.025,-0.65685,-0.65659645
57724.021,-0.66065,-0.65642808
57735.042,-0.6577,-0.65627578
57749.975,-0.64915,-0.65611268
57762.97,-0.65965,-0.65603476
57780.945,-0.6563,-0.65602959
57784.886,-0.65575,-0.65604214
57785.857,-0.6567,-0.65604588
57792.882,-0.65845,-0.65607965
57795.808,-0.65825,-0.65609685
57795.879,-0.65805,-0.65609729
57800.843,-0.6562,-0.65613005
57800.881,-0.65525,-0.65613032
57805.839,-0.65005,-0.65616671
57806.837,-0.65125,-0.6561744
57806.888,-0.65205,-0.65617479
57807.874,-0.65355,-0.65618249
57808.835,-0.65375,-0.65619009
57809.928,-0.6546,-0.65619882
57819.759,-0.656,-0.6562805
57819.838,-0.65785,-0.65628117
57820.73,-0.65485,-0.6562887
57820.812,-0.6547,-0.65628939
57821.73,-0.65515,-0.65629715
57821.813,-0.65455,-0.65629784
57822.88,-0.65765,-0.65630683
57826.809,-0.65665,-0.65633961
57826.877,-0.6593,-0.65634017
57827.868,-0.6546,-0.65634831
57829.766,-0.6585,-0.6563637
57831.805,-0.6593,-0.65637989
57832.868,-0.6584,-0.65638816
57834.785,-0.65835,-0.65640276
57835.786,-0.6564,-0.65641018
57836.786,-0.6543,-0.65641747
57837.787,-0.65275,-0.65642461
57841.775,-0.65725,-0.65645138
57842.776,-0.6581,-0.65645763
57843.776,-0.65765,-0.65646368
57848.77,-0.66015,-0.65649048
57849.714,-0.66005,-0.65649485
57854.783,-0.65365,-0.65651412
57856.781,-0.6581,-0.6565196
57859.749,-0.66015,-0.65652535
57862.767,-0.6596,-0.65652811
57863.766,-0.66025,-0.65652831
57866.753,-0.65935,-0.65652671
57875.665,-0.65825,-0.6565015
57877.665,-0.6536,-0.65649151
57880.723,-0.65625,-0.65647314
57885.717,-0.65385,-0.65643517
57887.711,-0.6497,-0.65641731
57891.7,-0.65825,-0.65637712
57893.693,-0.6583,-0.65635491
57900.685,-0.65635,-0.65626652
57902.694,-0.653,-0.65623838
57907.687,-0.65915,-0.65616377
57915.673,-0.65815,-0.65603299
57918.665,-0.65165,-0.65598117
57921.664,-0.6501,-0.65592804
58100.999,-0.6526,-0.65653691
58103.004,-0.6569,-0.65654344
58117.995,-0.65985,-0.65660601
58118.034,-0.65815,-0.65660622
58130.927,-0.6583,-0.65669194
58131.926,-0.6582,-0.65670035
58131.994,-0.65605,-0.65670093
58136.923,-0.65205,-0.65674712
58136.982,-0.66,-0.65674773
58138.916,-0.6536,-0.65676817
58141.925,-0.6516,-0.65680277
58142.931,-0.65345,-0.65681515
58143.848,-0.65495,-0.6568268
58143.929,-0.65535,-0.65682785
58145.943,-0.6605,-0.65685478
58146.92,-0.65915,-0.65686848
58147.918,-0.6566,-0.65688297
58147.949,-0.65725,-0.65688343
58148.915,-0.65815,-0.65689788
58148.957,-0.65975,-0.65689853
58150.818,-0.66275,-0.65692773
58150.902,-0.661,-0.6569291
58150.942,-0.66635,-0.65692974
58153.878,-0.6529,-0.65697959
58153.916,-0.65375,-0.65698027
58154.874,-0.6523,-0.65699756
58154.913,-0.6489,-0.65699826
58154.971,-0.65085,-0.65699934
58156.87,-0.6499,-0.6570352
58156.929,-0.65045,-0.65703634
58157.861,-0.65275,-0.65705472
58157.932,-0.6539,-0.65705615
58158.875,-0.6571,-0.6570753
58159.862,-0.65875,-0.6570959
58159.921,-0.6604,-0.65709715
58161.849,-0.6622,-0.65713916
58162.844,-0.661,-0.65716173
58162.913,-0.65975,-0.6571633
58172.767,-0.6538,-0.65742133
58172.851,-0.6521,-0.6574238
58172.893,-0.6539,-0.65742505
58175.759,-0.65355,-0.65751217
58175.839,-0.6564,-0.65751469
58176.821,-0.65965,-0.65754579
58184.806,-0.6673,-0.65782087
58195.82,-0.6618,-0.65825283
58197.794,-0.65865,-0.65833439
58204.795,-0.65055,-0.65862673
58212.773,-0.6618,-0.65895175
58213.811,-0.6603,-0.6589924
58216.762,-0.6653,-0.65910493
58218.761,-0.66515,-0.6591783
58219.792,-0.66245,-0.65921516
58220.81,-0.66105,-0.65925082
58221.758,-0.66,-0.65928337
58223.749,-0.6603,-0.6593496
58229.707,-0.66305,-0.65952858
58236.727,-0.6627,-0.65969969
58237.747,-0.6597,-0.65972084
58242.721,-0.66005,-0.65981065
58244.726,-0.66085,-0.6598407
58246.724,-0.6634,-0.65986725
58247.724,-0.6626,-0.65987931
58248.725,-0.664,-0.65989055
58250.713,-0.66315,-0.65991053
58251.712,-0.6614,-0.65991942
58253.709,-0.65595,-0.65993496
58254.71,-0.6548,-0.65994167
58255.696,-0.65565,-0.65994759
58256.7,-0.6581,-0.65995293
58257.692,-0.66045,-0.65995755
58258.683,-0.66085,-0.65996153
58259.665,-0.66215,-0.65996486
58267.692,-0.656,-0.65997133
58276.673,-0.66175,-0.65994247
58280.673,-0.65935,-0.65992014
58281.673,-0.65475,-0.65991381
58597.639,-0.65217,-0.65685799
58598.63,-0.65247,-0.65686372
58598.73,-0.65112,-0.6568643
58598.823,-0.65007,-0.65686484
58599.726,-0.65192,-0.65687002
58599.818,-0.65127,-0.65687054
58600.637,-0.65412,-0.65687521
58600.726,-0.65377,-0.65687571
58600.82,-0.65407,-0.65687625
58601.631,-0.65712,-0.65688083
58602.724,-0.66302,-0.65688695
58604.724,-0.66242,-0.65689802
58604.814,-0.66197,-0.65689852
58605.635,-0.66172,-0.656903
58605.724,-0.66182,-0.65690349
58607.635,-0.66087,-0.65691379
58607.725,-0.66047,-0.65691427
58608.641,-0.66062,-0.65691915
58608.734,-0.66002,-0.65691964
58611.737,-0.65817,-0.65693532
58612.638,-0.65672,-0.65693993
58612.731,-0.65552,-0.6569404
58614.64,-0.65132,-0.65695004
58614.73,-0.65067,-0.65695049
58620.642,-0.65912,-0.65697911
58621.738,-0.65862,-0.65698422
58624.742,-0.65802,-0.65699788
58625.652,-0.65837,-0.65700193
58627.653,-0.65722,-0.65701066
58627.744,-0.65877,-0.65701106
58628.653,-0.65782,-0.65701495
58628.75,-0.65477,-0.65701536
58629.653,-0.65577,-0.65701918
58629.749,-0.65812,-0.65701959
58631.65,-0.65557,-0.65702747
58632.644,-0.65837,-0.65703152
58635.645,-0.66072,-0.65704342
58635.74,-0.65717,-0.65704378
58636.645,-0.65782,-0.65704727
58637.645,-0.65682,-0.65705107
58638.645,-0.65697,-0.65705482
58639.646,-0.65327,-0.65705852
58640.645,-0.65627,-0.65706216
58647.647,-0.65742,-0.65708617
58649.656,-0.65877,-0.65709259
58649.686,-0.6577,-0.65709268
58650.655,-0.65872,-0.65709571
58650.692,-0.65815,-0.65709582
58652.665,-0.65637,-0.65710182
58653.665,-0.65677,-0.65710479
58653.675,-0.65805,-0.65710482
58654.659,-0.65587,-0.65710769
58654.681,-0.6553,-0.65710775
58656.659,-0.65617,-0.65711338
58656.683,-0.6571,-0.65711345
58658.668,-0.6573,-0.6571189
58659.666,-0.65855,-0.65712158
58661.666,-0.65972,-0.6571268
58662.654,-0.6554,-0.65712931
58802.017,-0.656,-0.65936299
58805.004,-0.66,-0.659353
58833.928,-0.66255,-0.65911534
58837.92,-0.6629,-0.6590667
58839.016,-0.6617,-0.65905281
58852.879,-0.6603,-0.65885883
58853.874,-0.65455,-0.65884375
58853.984,-0.66045,-0.65884207
58854.877,-0.66115,-0.6588284
58855.871,-0.6633,-0.65881306
58856.865,-0.66325,-0.65879758
58856.971,-0.66285,-0.65879591
58859.859,-0.6573,-0.65875022
58859.971,-0.65445,-0.65874843
58860.855,-0.6495,-0.65873423
58860.975,-0.65555,-0.6587323
58866.965,-0.66375,-0.65863386
58867.966,-0.66215,-0.65861709
58868.961,-0.65925,-0.65860034
58872.953,-0.6614,-0.65853247
58880.866,-0.66025,-0.65839591
58881.927,-0.6581,-0.65837753
58887.791,-0.65355,-0.65827635
58887.902,-0.6542,-0.65827445
58888.883,-0.65635,-0.65825765
58893.957,-0.65045,-0.65817197
58899.879,-0.66475,-0.65807532
58904.865,-0.65575,-0.65799781
58906.863,-0.65625,-0.65796794
58913.717,-0.65775,-0.65787124
58924.827,-0.65595,-0.65773447
58941.731,-0.65895,-0.65756493
58942.714,-0.6588,-0.65755593
58942.794,-0.65815,-0.6575552
58947.797,-0.6632,-0.65750995
58949.799,-0.65755,-0.65749194
58950.8,-0.6595,-0.65748293
58955.803,-0.6531,-0.6574375
58956.794,-0.65485,-0.65742837
58958.793,-0.6514,-0.65740982
58961.774,-0.65735,-0.65738165
58963.783,-0.6599,-0.65736227
58964.774,-0.66035,-0.65735259
58965.781,-0.6608,-0.65734266
58967.738,-0.66065,-0.65732311
58968.708,-0.66105,-0.65731327
58969.7,-0.65885,-0.65730311
58974.74,-0.65205,-0.65724992
58975.749,-0.65105,-0.65723895
58976.74,-0.65265,-0.65722806
58982.727,-0.6615,-0.65715997
58983.731,-0.6603,-0.65714816
59007.693,-0.65585,-0.65683893
59008.692,-0.65575,-0.65682518
59009.693,-0.65605,-0.65681136
59011.693,-0.65935,-0.65678362
59012.693,-0.6598,-0.65676969
59014.675,-0.6575,-0.65674203
59017.675,-0.66015,-0.6567
59018.666,-0.65775,-0.65668609
59019.666,-0.6549,-0.65667204
59021.666,-0.6504,-0.65664392
59022.666,-0.64815,-0.65662987
